Size,CNI,Nodes,Benchmark,Mean,Median,Std,Min,Max
1,baremetal,1,bibw,9.684666666666667,9.575,0.5232045379254151,8.55,11.2
1,baremetal,1,bw,8.700333333333333,8.73,0.18306741425201714,8.21,8.95
1,baremetal,1,latency,0.4373333333333333,0.43999999999999995,0.05165758170033162,0.38,0.51
1,baremetal,1,latency_mp,0.5086666666666667,0.54,0.04658942704781504,0.44,0.58
1,baremetal,1,mbw_mr,8.594333333333333,8.614999999999998,0.11000574697631056,8.16,8.74
1,baremetal,1,multi-latency,0.49899999999999994,0.47,0.04801939263428386,0.45,0.58
1,baremetal,2,bibw,0.8233333333333334,0.83,0.022180036586726026,0.77,0.87
1,baremetal,2,bw,0.3973333333333333,0.41,0.032263284709246276,0.33,0.43
1,baremetal,2,latency,20.538666666666664,20.535,0.15406521980649301,20.3,21.03
1,baremetal,2,latency_mp,32.74633333333333,32.54,2.73309788024295,21.17,35.92
1,baremetal,2,mbw_mr,0.361,0.36,0.026175798245576077,0.3,0.39
1,baremetal,2,multi-latency,31.055999999999997,32.769999999999996,4.549193638285877,21.08,35.7
1,calico,1,bibw,0.11,0.11,0.0,0.11,0.11
1,calico,1,bw,0.05,0.05,0.0,0.05,0.05
1,calico,1,latency,27.121,27.095,0.14650762013841032,26.91,27.73
1,calico,1,latency_mp,35.30133333333333,35.305,0.10338189441074287,35.09,35.47
1,calico,1,mbw_mr,0.05,0.05,0.0,0.05,0.05
1,calico,1,multi-latency,38.48800000000001,39.345,1.859794946057041,34.6,39.94
1,calico,2,bibw,0.14266666666666666,0.15,0.025587353197979675,0.1,0.19
1,calico,2,bw,0.067,0.07,0.01417866293973521,0.05,0.09
1,calico,2,latency,38.083,39.035,2.521161678055686,29.54,39.41
1,calico,2,latency_mp,67.14566666666667,67.11,0.32234788803332004,66.5,67.69
1,calico,2,mbw_mr,0.068,0.07,0.011264836959500922,0.05,0.09
1,calico,2,multi-latency,67.63033333333334,67.505,0.8036231889916173,65.03,68.62
1,cilium,1,bibw,0.19,0.19,0.0,0.19,0.19
1,cilium,1,bw,0.09433333333333334,0.09,0.005040069329937314,0.09,0.1
1,cilium,1,latency,17.093,17.04,0.15218296610466545,16.89,17.47
1,cilium,1,latency_mp,21.07633333333333,21.095,0.08996103882096457,20.85,21.19
1,cilium,1,mbw_mr,0.08466666666666667,0.08,0.008193072487266861,0.08,0.1
1,cilium,1,multi-latency,23.890333333333334,24.03,0.5972493462610036,20.79,24.17
1,cilium,2,bibw,0.6296666666666667,0.65,0.05294651389216606,0.52,0.72
1,cilium,2,bw,0.272,0.29,0.03854240834949615,0.22,0.33
1,cilium,2,latency,36.861666666666665,38.09,2.653784653755039,30.53,39.4
1,cilium,2,latency_mp,44.373000000000005,45.025,3.4688795269386037,38.67,53.68
1,cilium,2,mbw_mr,0.2653333333333333,0.26,0.02080008841714188,0.23,0.31
1,cilium,2,multi-latency,45.0,44.83,4.035544658364614,38.4,59.36
1,flannel,1,bibw,0.13466666666666666,0.13,0.005074162634049248,0.13,0.14
1,flannel,1,bw,0.06966666666666668,0.07,0.0018257418583505556,0.06,0.07
1,flannel,1,latency,22.98166666666667,22.994999999999997,0.10419091671751801,22.69,23.18
1,flannel,1,latency_mp,29.233999999999998,29.2,0.11961432274981318,29.01,29.57
1,flannel,1,mbw_mr,0.06066666666666666,0.06,0.0025370813170246262,0.06,0.07
1,flannel,1,multi-latency,32.94533333333333,33.06,0.7333613369783778,29.1,33.26
1,flannel,2,bibw,0.15533333333333335,0.15,0.023596220231117578,0.13,0.24
1,flannel,2,bw,0.07466666666666667,0.07,0.011366415543118706,0.07,0.11
1,flannel,2,latency,37.31033333333333,38.120000000000005,2.217042894353264,31.61,39.1
1,flannel,2,latency_mp,70.38766666666668,67.76,20.941656503878498,46.24,178.89
1,flannel,2,mbw_mr,0.07600000000000001,0.07,0.011626367179523592,0.07,0.1
1,flannel,2,multi-latency,73.09433333333332,67.67500000000001,23.54501275009846,57.64,184.55
2,baremetal,1,bibw,19.923000000000002,20.105,1.1698722299818736,17.08,22.92
2,baremetal,1,bw,17.663333333333334,17.655,0.23632726189046288,17.3,18.07
2,baremetal,1,latency,0.4393333333333333,0.44499999999999995,0.05362277779871697,0.38,0.51
2,baremetal,1,latency_mp,0.5016666666666667,0.53,0.04549219965977749,0.43,0.57
2,baremetal,1,mbw_mr,16.863333333333333,17.165,0.7710240987929889,14.83,17.35
2,baremetal,1,multi-latency,0.49966666666666665,0.475,0.047378398492120444,0.45,0.58
2,baremetal,2,bibw,1.6553333333333333,1.66,0.04240472756120745,1.53,1.74
2,baremetal,2,bw,0.8126666666666666,0.84,0.0675652090299761,0.65,0.87
2,baremetal,2,latency,20.627333333333333,20.6,0.1385126244298221,20.47,21.09
2,baremetal,2,latency_mp,32.003,31.96,2.519399422139305,21.03,35.09
2,baremetal,2,mbw_mr,0.6986666666666667,0.69,0.058352870291566356,0.6,0.78
2,baremetal,2,multi-latency,30.918333333333333,32.49,5.010608802801576,20.0,36.3
2,calico,1,bibw,0.21933333333333332,0.22,0.00365148371670111,0.2,0.22
2,calico,1,bw,0.11,0.11,0.0,0.11,0.11
2,calico,1,latency,27.084666666666667,27.07,0.10142887208262784,26.9,27.33
2,calico,1,latency_mp,35.425666666666665,35.425,0.15366069502446952,35.15,35.92
2,calico,1,mbw_mr,0.09266666666666666,0.09,0.006914918072835212,0.09,0.11
2,calico,1,multi-latency,38.48233333333334,39.370000000000005,1.85571565028499,34.65,39.62
2,calico,2,bibw,0.37099999999999994,0.37,0.008448627719625703,0.35,0.38
2,calico,2,bw,0.156,0.17,0.026076809620810597,0.1,0.18
2,calico,2,latency,37.22533333333333,38.78,3.166432489828843,30.59,39.26
2,calico,2,latency_mp,67.11166666666666,67.005,0.5162068773562437,66.05,67.72
2,calico,2,mbw_mr,0.152,0.15,0.014715696522350923,0.11,0.18
2,calico,2,multi-latency,67.6,67.56,0.6647633750648352,66.21,68.51
2,cilium,1,bibw,0.3796666666666667,0.38,0.004901325178535605,0.37,0.39
2,cilium,1,bw,0.18866666666666668,0.19,0.003457459036417607,0.18,0.19
2,cilium,1,latency,17.073333333333334,17.035,0.1471882054245257,16.84,17.43
2,cilium,1,latency_mp,21.069333333333336,21.1,0.09864367548223117,20.81,21.18
2,cilium,1,mbw_mr,0.1726666666666667,0.17,0.006914918072835206,0.17,0.19
2,cilium,1,multi-latency,23.892,24.03,0.6087431936884959,20.72,24.17
2,cilium,2,bibw,1.2736666666666667,1.295,0.09072441534796402,1.11,1.45
2,cilium,2,bw,0.5696666666666667,0.57,0.060769963845201766,0.47,0.65
2,cilium,2,latency,36.54066666666667,38.05,2.8415160272877813,29.87,39.33
2,cilium,2,latency_mp,43.28933333333334,44.900000000000006,5.123845493735946,33.65,60.81
2,cilium,2,mbw_mr,0.5543333333333333,0.56,0.05062937223917885,0.47,0.66
2,cilium,2,multi-latency,43.80533333333334,44.695,3.701870667214295,38.59,55.0
2,flannel,1,bibw,0.27033333333333337,0.27,0.0031984191497474663,0.26,0.28
2,flannel,1,bw,0.13,0.13,0.0,0.13,0.13
2,flannel,1,latency,22.96066666666667,22.965,0.11138418550947563,22.65,23.14
2,flannel,1,latency_mp,29.254,29.21,0.11998850519658234,29.01,29.55
2,flannel,1,mbw_mr,0.11999999999999998,0.12,0.002626128657194455,0.11,0.13
2,flannel,1,multi-latency,33.13066666666666,33.1,0.14436384429707422,32.86,33.49
2,flannel,2,bibw,0.4073333333333334,0.43,0.053235542530397376,0.31,0.49
2,flannel,2,bw,0.1716666666666667,0.165,0.024365511710603173,0.15,0.23
2,flannel,2,latency,36.92433333333334,38.095,2.6263580176323273,31.51,39.09
2,flannel,2,latency_mp,69.95433333333334,67.77,18.71735441874149,46.31,166.42
2,flannel,2,mbw_mr,0.17633333333333334,0.17,0.015862193902556446,0.14,0.22
2,flannel,2,multi-latency,72.90933333333334,67.645,23.80933733575582,57.79,189.05
4,baremetal,1,bibw,41.01199999999999,40.239999999999995,3.8778107936984427,34.07,48.55
4,baremetal,1,bw,35.24066666666667,35.415,0.8079345028648911,31.64,36.02
4,baremetal,1,latency,0.434,0.43999999999999995,0.05021333797254298,0.38,0.5
4,baremetal,1,latency_mp,0.502,0.53,0.04656474913568166,0.43,0.58
4,baremetal,1,mbw_mr,34.04933333333334,34.405,1.1252553222401938,30.26,34.82
4,baremetal,1,multi-latency,0.494,0.47,0.04590845463415809,0.45,0.58
4,baremetal,2,bibw,3.283,3.3,0.0733978295272438,3.1,3.39
4,baremetal,2,bw,1.6523333333333334,1.71,0.12235289079158479,1.31,1.74
4,baremetal,2,latency,20.55633333333333,20.509999999999998,0.14478243685954612,20.42,21.1
4,baremetal,2,latency_mp,33.57866666666667,33.83,2.846838213894839,21.56,36.63
4,baremetal,2,mbw_mr,1.399,1.3849999999999998,0.10453014744148184,1.21,1.61
4,baremetal,2,multi-latency,31.565,34.215,5.618170490041435,17.64,36.44
4,calico,1,bibw,0.4406666666666667,0.44,0.004497764451088028,0.43,0.45
4,calico,1,bw,0.21733333333333332,0.22,0.004497764451088039,0.21,0.22
4,calico,1,latency,27.10666666666667,27.115000000000002,0.08817433097947514,26.92,27.27
4,calico,1,latency_mp,35.29866666666667,35.295,0.1107570604376163,35.09,35.58
4,calico,1,mbw_mr,0.19033333333333333,0.19,0.007648904962570576,0.18,0.21
4,calico,1,multi-latency,38.523,39.370000000000005,1.8847210531736138,34.63,40.05
4,calico,2,bibw,0.7576666666666667,0.76,0.004301830671520778,0.75,0.76
4,calico,2,bw,0.341,0.35,0.02411895806064256,0.26,0.36
4,calico,2,latency,37.099666666666664,38.760000000000005,3.2046652236079676,30.31,39.35
4,calico,2,latency_mp,67.023,67.05000000000001,0.6225151985403994,65.18,67.61
4,calico,2,mbw_mr,0.3126666666666667,0.31,0.017207322686083056,0.27,0.35
4,calico,2,multi-latency,67.50066666666666,67.555,0.7969421444554127,65.66,68.45
4,cilium,1,bibw,0.7613333333333333,0.76,0.008995528902176076,0.74,0.78
4,cilium,1,bw,0.37766666666666665,0.38,0.006260623155792931,0.36,0.39
4,cilium,1,latency,17.075333333333333,17.04,0.1483642612726814,16.83,17.44
4,cilium,1,latency_mp,21.063,21.09,0.0934824342710518,20.83,21.22
4,cilium,1,mbw_mr,0.3453333333333334,0.34,0.015024883574816196,0.33,0.39
4,cilium,1,multi-latency,23.961333333333336,24.0,0.13977157062157877,23.53,24.15
4,cilium,2,bibw,2.622,2.66,0.1317887546874503,2.33,2.92
4,cilium,2,bw,1.2456666666666665,1.26,0.04818665814298091,1.05,1.31
4,cilium,2,latency,36.010666666666665,37.95,2.872493730173324,29.78,39.35
4,cilium,2,latency_mp,41.894999999999996,44.04,4.205683141851651,31.16,45.93
4,cilium,2,mbw_mr,1.1119999999999999,1.12,0.09433615608465072,0.94,1.31
4,cilium,2,multi-latency,43.559333333333335,44.635,3.9710651166808564,37.04,57.1
4,flannel,1,bibw,0.5413333333333334,0.54,0.007302967433402224,0.52,0.55
4,flannel,1,bw,0.26,0.26,0.0,0.26,0.26
4,flannel,1,latency,22.991,23.005000000000003,0.1067820855438939,22.68,23.17
4,flannel,1,latency_mp,29.33833333333333,29.310000000000002,0.15467615408872168,29.13,29.72
4,flannel,1,mbw_mr,0.23366666666666666,0.23,0.008087168778415263,0.23,0.27
4,flannel,1,multi-latency,33.07333333333334,33.075,0.09792091577965514,32.85,33.23
4,flannel,2,bibw,0.888,0.965,0.14756412983443196,0.62,0.99
4,flannel,2,bw,0.3953333333333333,0.4,0.03711429999835395,0.29,0.45
4,flannel,2,latency,35.868,38.03,3.178624078824478,29.31,39.04
4,flannel,2,latency_mp,70.87033333333333,67.75,23.586705706646576,46.21,193.65
4,flannel,2,mbw_mr,0.37533333333333335,0.375,0.023741907272153598,0.31,0.44
4,flannel,2,multi-latency,72.77566666666667,67.63,23.07365458151626,57.72,184.54
8,baremetal,1,bibw,80.57066666666667,75.85499999999999,8.140626059688419,68.64,93.29
8,baremetal,1,bw,70.08366666666666,70.675,2.223415333923566,63.98,71.96
8,baremetal,1,latency,0.434,0.44499999999999995,0.051501590199754504,0.38,0.5
8,baremetal,1,latency_mp,0.5006666666666667,0.53,0.0443289687593155,0.43,0.56
8,baremetal,1,mbw_mr,65.40866666666666,68.37,4.3784517286627604,59.49,70.19
8,baremetal,1,multi-latency,0.4966666666666667,0.48,0.04543531463621612,0.45,0.58
8,baremetal,2,bibw,6.587666666666666,6.615,0.1286718181328343,6.22,6.8
8,baremetal,2,bw,3.178,3.26,0.2657507258237728,2.68,3.48
8,baremetal,2,latency,20.437,20.5,0.2682658228774921,19.74,20.96
8,baremetal,2,latency_mp,33.203,33.295,3.3032107160280844,21.11,37.22
8,baremetal,2,mbw_mr,2.908,2.83,0.1276417400112653,2.76,3.19
8,baremetal,2,multi-latency,31.377666666666666,32.769999999999996,5.226493308026958,19.97,36.31
8,calico,1,bibw,0.879,0.88,0.006617635789938557,0.87,0.89
8,calico,1,bw,0.43,0.43,0.0,0.43,0.43
8,calico,1,latency,27.134999999999998,27.115000000000002,0.17529777621187193,26.94,27.71
8,calico,1,latency_mp,35.32633333333333,35.32,0.09932473155690207,35.15,35.53
8,calico,1,mbw_mr,0.37733333333333335,0.37,0.018181713688309974,0.37,0.43
8,calico,1,multi-latency,38.50966666666667,39.394999999999996,1.8624038662222382,34.64,39.67
8,calico,2,bibw,1.5173333333333334,1.52,0.005208304597621909,1.51,1.53
8,calico,2,bw,0.6963333333333334,0.7,0.026714755490543807,0.59,0.72
8,calico,2,latency,37.33233333333333,38.735,2.818210098789575,29.74,39.22
8,calico,2,latency_mp,67.09766666666667,66.945,0.4319058273260057,66.17,67.79
8,calico,2,mbw_mr,0.634,0.62,0.024579217461800588,0.62,0.69
8,calico,2,multi-latency,67.712,67.60499999999999,0.6416702343534201,65.53,68.54
8,cilium,1,bibw,1.5253333333333332,1.52,0.015477087254553384,1.5,1.56
8,cilium,1,bw,0.7563333333333334,0.76,0.009994251221140305,0.73,0.77
8,cilium,1,latency,17.137666666666668,17.08,0.14528647879118015,16.94,17.5
8,cilium,1,latency_mp,21.176333333333332,21.16,0.11466543035954797,20.97,21.36
8,cilium,1,mbw_mr,0.6900000000000001,0.68,0.03017192117824463,0.67,0.77
8,cilium,1,multi-latency,23.983,24.025,0.12932583815229343,23.58,24.17
8,cilium,2,bibw,5.263999999999999,5.325,0.24303540255804626,4.79,5.88
8,cilium,2,bw,2.459,2.46,0.0769841004632641,2.15,2.6
8,cilium,2,latency,35.678666666666665,37.879999999999995,3.0393666914437083,29.89,39.38
8,cilium,2,latency_mp,41.756,43.93,4.220953969636854,31.64,45.86
8,cilium,2,mbw_mr,2.2276666666666665,2.24,0.18821637096398003,1.91,2.66
8,cilium,2,multi-latency,43.376,44.64,3.963724824298305,37.07,57.2
8,flannel,1,bibw,1.0803333333333334,1.08,0.009278574999588503,1.06,1.09
8,flannel,1,bw,0.5266666666666667,0.53,0.0047946330148538685,0.52,0.53
8,flannel,1,latency,22.96966666666667,22.97,0.10073808078150151,22.7,23.15
8,flannel,1,latency_mp,29.263666666666666,29.215,0.17191584415423783,29.03,29.8
8,flannel,1,mbw_mr,0.47133333333333327,0.47,0.011665845619713506,0.45,0.53
8,flannel,1,multi-latency,33.120666666666665,33.1,0.1533068442886585,32.89,33.69
8,flannel,2,bibw,1.794,1.96,0.3070954024515778,1.23,1.98
8,flannel,2,bw,0.8373333333333334,0.84,0.07210783750664738,0.59,0.91
8,flannel,2,latency,35.416333333333334,38.06,4.012981936539025,26.03,39.03
8,flannel,2,latency_mp,70.86466666666666,67.735,23.949971093976274,46.22,195.61
8,flannel,2,mbw_mr,0.7793333333333334,0.785,0.03759432581299117,0.68,0.88
8,flannel,2,multi-latency,73.04966666666665,67.655,24.36785679358453,57.64,192.38
16,baremetal,1,bibw,156.611,156.06,18.579750258148582,118.64,188.69
16,baremetal,1,bw,138.27233333333334,139.35500000000002,2.690028436374932,129.65,141.13
16,baremetal,1,latency,0.455,0.45499999999999996,0.05197811210433711,0.39,0.52
16,baremetal,1,latency_mp,0.515,0.54,0.04561835686166942,0.44,0.58
16,baremetal,1,mbw_mr,133.30100000000002,133.345,1.531209461110113,129.15,136.9
16,baremetal,1,multi-latency,0.509,0.485,0.04830577890751858,0.46,0.6
16,baremetal,2,bibw,13.133666666666667,13.23,0.2687324439601256,12.29,13.45
16,baremetal,2,bw,5.781000000000001,5.78,0.17021993886207035,5.5,6.39
16,baremetal,2,latency,20.346999999999998,20.53,0.5469738063450444,18.69,20.97
16,baremetal,2,latency_mp,33.446,34.325,3.1369693259138085,21.02,36.19
16,baremetal,2,mbw_mr,5.941999999999999,6.015,0.2290821265172278,5.37,6.21
16,baremetal,2,multi-latency,31.111666666666668,33.4,5.47059984313221,19.2,36.2
16,calico,1,bibw,1.7466666666666666,1.74,0.015387709679981725,1.72,1.78
16,calico,1,bw,0.8623333333333334,0.86,0.004301830671520832,0.86,0.87
16,calico,1,latency,27.121333333333332,27.115000000000002,0.1284048912306457,26.89,27.59
16,calico,1,latency_mp,35.349666666666664,35.345,0.10463345984693444,35.13,35.5
16,calico,1,mbw_mr,0.7546666666666667,0.75,0.033808113016658085,0.7,0.85
16,calico,1,multi-latency,38.657666666666664,39.385,1.7564397441166721,34.67,39.86
16,calico,2,bibw,3.0166666666666666,3.02,0.010283342182227638,3.0,3.03
16,calico,2,bw,1.4029999999999998,1.41,0.03405371011231803,1.24,1.43
16,calico,2,latency,37.65266666666666,38.775000000000006,2.675798215851492,29.58,39.24
16,calico,2,latency_mp,66.92733333333334,66.92500000000001,0.6309922855057859,65.34,67.75
16,calico,2,mbw_mr,1.2710000000000001,1.25,0.05523304857757186,1.23,1.39
16,calico,2,multi-latency,67.72066666666667,67.57,0.5512989884923103,66.12,68.63
16,cilium,1,bibw,3.0386666666666664,3.035,0.03559671946656895,2.98,3.12
16,cilium,1,bw,1.5146666666666666,1.52,0.021452969143162273,1.45,1.54
16,cilium,1,latency,17.1,17.055,0.1392343596119568,16.95,17.44
16,cilium,1,latency_mp,21.078,21.1,0.0918544575908555,20.86,21.2
16,cilium,1,mbw_mr,1.3763333333333334,1.35,0.061782897607522494,1.33,1.54
16,cilium,1,multi-latency,23.995333333333335,24.03,0.13885575083600238,23.55,24.16
16,cilium,2,bibw,10.284666666666668,10.4,0.3519868074852782,9.53,11.09
16,cilium,2,bw,4.657,4.615,0.19534496454327618,4.36,5.2
16,cilium,2,latency,35.658,37.89,3.060444412172846,29.88,39.34
16,cilium,2,latency_mp,41.793,43.995000000000005,4.33112165929176,31.62,47.78
16,cilium,2,mbw_mr,4.471333333333334,4.529999999999999,0.2971094461448605,3.85,5.08
16,cilium,2,multi-latency,42.889,44.635,4.372860146639608,34.02,57.38
16,flannel,1,bibw,2.159,2.16,0.015165750888103062,2.13,2.19
16,flannel,1,bw,1.05,1.05,0.005252257314388901,1.04,1.06
16,flannel,1,latency,22.990000000000002,22.985,0.12684500452289682,22.68,23.38
16,flannel,1,latency_mp,29.28966666666667,29.23,0.16922711393849924,29.07,29.81
16,flannel,1,mbw_mr,0.9416666666666667,0.94,0.024925175381852207,0.92,1.07
16,flannel,1,multi-latency,33.111333333333334,33.11,0.09280061434596461,32.86,33.26
16,flannel,2,bibw,3.5373333333333337,3.86,0.6121693102139439,2.42,3.91
16,flannel,2,bw,1.7323333333333333,1.77,0.0991927184943474,1.37,1.82
16,flannel,2,latency,35.51433333333333,38.07,3.9599222243610424,26.02,39.0
16,flannel,2,latency_mp,70.874,67.63499999999999,23.91193247068833,46.22,195.4
16,flannel,2,mbw_mr,1.5713333333333332,1.5750000000000002,0.07142555001819931,1.36,1.76
16,flannel,2,multi-latency,72.886,67.6,23.992195512650383,57.01,190.48
32,baremetal,1,bibw,314.48400000000004,300.07000000000005,36.49166977213594,274.21,382.69
32,baremetal,1,bw,273.7006666666667,276.59000000000003,8.760883648288596,254.75,285.35
32,baremetal,1,latency,0.45266666666666666,0.45499999999999996,0.05212275519574346,0.39,0.52
32,baremetal,1,latency_mp,0.5163333333333333,0.54,0.04766863592106148,0.44,0.58
32,baremetal,1,mbw_mr,266.85433333333333,268.975,7.145349432025494,240.05,275.16
32,baremetal,1,multi-latency,0.5106666666666667,0.49,0.048985102121819196,0.46,0.61
32,baremetal,2,bibw,26.007333333333335,26.115000000000002,0.4819567396048893,24.19,26.52
32,baremetal,2,bw,11.956666666666667,12.0,0.25701648053066106,11.22,12.29
32,baremetal,2,latency,20.335333333333335,20.545,0.5838973299767899,18.71,21.02
32,baremetal,2,latency_mp,33.037333333333336,33.47,3.0582471126936186,19.25,35.91
32,baremetal,2,mbw_mr,11.787333333333333,12.02,0.7214923869091177,9.84,12.53
32,baremetal,2,multi-latency,31.144333333333332,32.22,5.131875830554544,19.19,36.26
32,calico,1,bibw,3.5069999999999997,3.505,0.036591877749595964,3.45,3.58
32,calico,1,bw,1.7246666666666668,1.725,0.006814453874610587,1.71,1.74
32,calico,1,latency,27.134999999999998,27.119999999999997,0.13698099540975847,26.91,27.62
32,calico,1,latency_mp,35.327666666666666,35.335,0.10503475068078659,35.08,35.47
32,calico,1,mbw_mr,1.5123333333333333,1.49,0.06526779494874374,1.47,1.71
32,calico,1,multi-latency,38.66433333333334,39.425,1.7496417038794034,34.71,39.83
32,calico,2,bibw,5.963,5.97,0.024090347186917337,5.91,6.01
32,calico,2,bw,2.8216666666666663,2.825,0.023792686986193575,2.77,2.87
32,calico,2,latency,37.181666666666665,38.845,3.1024818578294555,29.65,39.3
32,calico,2,latency_mp,67.134,66.965,0.5089515931185686,65.26,67.82
32,calico,2,mbw_mr,2.5373333333333337,2.49,0.10853041313250701,2.47,2.78
32,calico,2,multi-latency,67.741,67.595,0.5664063972948683,66.06,68.54
32,cilium,1,bibw,6.035666666666667,6.04,0.057336474118730045,5.95,6.14
32,cilium,1,bw,3.027,3.04,0.04219413262037988,2.91,3.09
32,cilium,1,latency,17.098333333333336,17.07,0.14503467678891271,16.91,17.45
32,cilium,1,latency_mp,21.11866666666667,21.145,0.09690853609365947,20.85,21.22
32,cilium,1,mbw_mr,2.7543333333333333,2.71,0.12571679539217565,2.67,3.09
32,cilium,1,multi-latency,23.996,24.03,0.1394471844153886,23.52,24.17
32,cilium,2,bibw,19.740666666666666,19.625,0.6428274468601833,18.91,22.36
32,cilium,2,bw,8.697,8.629999999999999,0.36121585866587363,8.32,10.24
32,cilium,2,latency,35.668,37.93,3.0545324152580315,29.91,39.15
32,cilium,2,latency_mp,41.80866666666667,43.894999999999996,4.285428183115857,31.95,47.37
32,cilium,2,mbw_mr,8.575666666666667,8.66,0.641784598805836,7.45,10.06
32,cilium,2,multi-latency,42.736,44.629999999999995,4.551504184863239,32.45,57.11
32,flannel,1,bibw,4.307333333333333,4.31,0.03859009461375864,4.21,4.37
32,flannel,1,bw,2.102333333333333,2.1,0.010063019815944516,2.08,2.12
32,flannel,1,latency,22.971999999999998,22.98,0.1003236142999589,22.68,23.14
32,flannel,1,latency_mp,29.273333333333333,29.23,0.12650019308512786,29.08,29.61
32,flannel,1,mbw_mr,1.883,1.875,0.04935095988305911,1.86,2.14
32,flannel,1,multi-latency,33.103,33.1,0.10106843021540843,32.86,33.3
32,flannel,2,bibw,7.074333333333333,7.715,1.2272191253436346,4.84,7.81
32,flannel,2,bw,3.5236666666666663,3.57,0.11955328730631845,3.21,3.64
32,flannel,2,latency,35.590333333333334,38.09,3.7570388957752114,26.07,39.04
32,flannel,2,latency_mp,71.03566666666667,67.86,23.76876966965677,46.27,194.77
32,flannel,2,mbw_mr,3.1626666666666665,3.15,0.15290144072150735,2.72,3.53
32,flannel,2,multi-latency,73.20966666666666,67.765,24.408006103613275,58.46,194.06
64,baremetal,1,bibw,456.2393333333333,458.72,9.275687513633414,437.73,469.46
64,baremetal,1,bw,439.8813333333334,442.4,10.622254366004018,409.08,454.62
64,baremetal,1,latency,0.473,0.47,0.05706318337204583,0.41,0.54
64,baremetal,1,latency_mp,0.531,0.55,0.050742758953439805,0.45,0.59
64,baremetal,1,mbw_mr,418.704,421.315,10.953548189104504,386.47,431.56
64,baremetal,1,multi-latency,0.5253333333333333,0.5,0.04819023605020744,0.47,0.62
64,baremetal,2,bibw,50.30466666666667,50.510000000000005,0.745657466583191,48.08,51.41
64,baremetal,2,bw,21.62366666666667,21.595,0.3729887058781319,20.9,22.46
64,baremetal,2,latency,20.553,20.729999999999997,0.5453385534977647,18.84,21.14
64,baremetal,2,latency_mp,33.41466666666666,34.095,3.3947989969783277,21.24,36.29
64,baremetal,2,mbw_mr,20.308333333333334,19.835,1.0702725509576207,18.78,22.93
64,baremetal,2,multi-latency,31.967,34.08,5.274195575205495,21.34,36.29
64,calico,1,bibw,7.002666666666667,7.0,0.05895254276831966,6.92,7.16
64,calico,1,bw,3.4463333333333335,3.45,0.011290317283753138,3.43,3.46
64,calico,1,latency,27.120333333333335,27.13,0.08289932961474883,26.9,27.27
64,calico,1,latency_mp,35.301,35.305,0.09263759570461148,35.13,35.45
64,calico,1,mbw_mr,3.0193333333333334,2.98,0.13143592468899276,2.93,3.41
64,calico,1,multi-latency,38.92666666666666,39.485,1.5322404901125108,34.86,40.03
64,calico,2,bibw,11.910666666666666,11.915,0.04905544599337758,11.81,12.01
64,calico,2,bw,5.639333333333334,5.654999999999999,0.054578847319384075,5.53,5.72
64,calico,2,latency,36.977,38.9,3.480581748838093,29.68,39.39
64,calico,2,latency_mp,67.234,67.17,0.5229465588836744,65.71,67.94
64,calico,2,mbw_mr,5.077666666666667,4.985,0.2172188366337178,4.93,5.57
64,calico,2,multi-latency,67.79566666666666,67.71000000000001,0.7418461748411418,65.18,68.74
64,cilium,1,bibw,12.173666666666666,12.175,0.10656011200850139,11.98,12.38
64,cilium,1,bw,6.041333333333333,6.0649999999999995,0.08544945403805868,5.82,6.16
64,cilium,1,latency,17.108666666666668,17.05,0.14279798446692535,16.91,17.45
64,cilium,1,latency_mp,21.074666666666666,21.1,0.09220417124730473,20.87,21.18
64,cilium,1,mbw_mr,5.499333333333333,5.41,0.24671543475657606,5.34,6.15
64,cilium,1,multi-latency,23.990666666666666,24.04,0.13284508305524115,23.56,24.16
64,cilium,2,bibw,37.464666666666666,37.2,1.227112487700807,35.2,41.59
64,cilium,2,bw,16.844,16.59,0.8968627312028808,15.64,20.05
64,cilium,2,latency,36.208,38.510000000000005,3.0711925124087984,30.35,39.39
64,cilium,2,latency_mp,41.73766666666667,44.295,4.445945602326974,30.9,46.98
64,cilium,2,mbw_mr,16.599,16.674999999999997,0.988085400469357,14.87,20.02
64,cilium,2,multi-latency,43.382666666666665,45.035,4.767418829812478,33.81,58.53
64,flannel,1,bibw,8.627,8.63,0.0705226791597007,8.46,8.72
64,flannel,1,bw,4.202,4.21,0.0198962827926602,4.15,4.23
64,flannel,1,latency,22.996666666666666,23.01,0.10600368677171301,22.66,23.19
64,flannel,1,latency_mp,29.173000000000002,29.13,0.10687246669713836,29.02,29.49
64,flannel,1,mbw_mr,3.7616666666666663,3.745,0.09727612080136054,3.72,4.27
64,flannel,1,multi-latency,33.11566666666667,33.11,0.11886484162574155,32.89,33.49
64,flannel,2,bibw,14.272,15.575,2.4885065456185176,9.73,15.78
64,flannel,2,bw,7.084333333333333,7.135,0.19311749743638443,6.42,7.3
64,flannel,2,latency,36.28633333333333,38.644999999999996,3.7605781684362776,26.31,39.8
64,flannel,2,latency_mp,71.62566666666666,68.515,23.781400104273516,46.58,195.37
64,flannel,2,mbw_mr,6.308666666666666,6.295,0.2946152761136804,5.42,7.06
64,flannel,2,multi-latency,73.944,68.41499999999999,24.75536773558692,58.94,195.23
128,baremetal,1,bibw,653.6686666666667,655.5,11.678318765789976,632.1,672.96
128,baremetal,1,bw,577.9763333333334,580.4300000000001,15.381064149395417,539.17,597.71
128,baremetal,1,latency,0.5263333333333333,0.525,0.06310819026212777,0.44,0.6
128,baremetal,1,latency_mp,0.5836666666666667,0.6,0.057624428089514936,0.48,0.67
128,baremetal,1,mbw_mr,549.1693333333334,548.39,11.213863935674269,525.57,577.51
128,baremetal,1,multi-latency,0.5766666666666667,0.555,0.048089954025356665,0.52,0.68
128,baremetal,2,bibw,96.65833333333333,97.185,2.1592912044805637,91.05,99.4
128,baremetal,2,bw,45.642,45.765,0.731834727903451,43.23,46.42
128,baremetal,2,latency,20.932000000000002,21.11,0.5548246072657428,19.22,21.56
128,baremetal,2,latency_mp,33.559999999999995,34.035,2.740601494512498,20.93,36.21
128,baremetal,2,mbw_mr,42.358,42.06,2.403830850667469,38.87,46.91
128,baremetal,2,multi-latency,31.783666666666665,33.61,4.886965410102697,19.26,36.27
128,calico,1,bibw,13.881666666666666,13.875,0.11033126712653635,13.66,14.14
128,calico,1,bw,6.8870000000000005,6.89,0.02215151586624308,6.84,6.92
128,calico,1,latency,27.14333333333333,27.125,0.15127807994307804,26.92,27.81
128,calico,1,latency_mp,35.29533333333333,35.3,0.09445792105786875,35.11,35.44
128,calico,1,mbw_mr,6.03,5.965,0.25925623059716085,5.84,6.81
128,calico,1,multi-latency,38.84633333333333,39.43,1.6031143899068585,34.69,39.93
128,calico,2,bibw,23.927333333333333,23.925,0.0822918830929785,23.76,24.1
128,calico,2,bw,11.274,11.295,0.11208371255757775,11.1,11.44
128,calico,2,latency,37.160999999999994,39.09,3.4713769006270265,29.9,39.57
128,calico,2,latency_mp,67.53133333333334,67.555,0.4400684377287881,65.84,68.0
128,calico,2,mbw_mr,10.158666666666667,10.0,0.4262808960050294,9.86,11.17
128,calico,2,multi-latency,68.10066666666667,67.78999999999999,0.5468463399715034,67.34,68.9
128,cilium,1,bibw,24.242,24.225,0.1677107526419347,23.87,24.59
128,cilium,1,bw,12.063666666666668,12.1,0.1716147114771995,11.62,12.3
128,cilium,1,latency,17.101,17.07,0.1424260243557796,16.86,17.46
128,cilium,1,latency_mp,21.067333333333334,21.095,0.09183693695080271,20.84,21.19
128,cilium,1,mbw_mr,10.983,10.805,0.4972486368976305,10.63,12.28
128,cilium,1,multi-latency,23.97266666666667,24.01,0.13625365122177213,23.58,24.19
128,cilium,2,bibw,70.12599999999999,70.08500000000001,2.240214891170194,66.46,77.11
128,cilium,2,bw,32.67066666666667,32.585,1.6021987765381145,29.88,39.54
128,cilium,2,latency,36.178999999999995,38.66,3.2947495849588027,29.14,39.49
128,cilium,2,latency_mp,41.75833333333333,44.32,4.469559172379567,31.08,47.51
128,cilium,2,mbw_mr,31.309666666666665,31.23,1.907508726121557,28.32,36.14
128,cilium,2,multi-latency,43.281333333333336,43.585,4.815841483624882,33.86,58.57
128,flannel,1,bibw,17.145666666666667,17.175,0.22449457920394036,16.55,17.45
128,flannel,1,bw,8.392,8.405000000000001,0.03951429248189618,8.29,8.45
128,flannel,1,latency,23.011333333333333,22.99,0.15958422991254978,22.66,23.64
128,flannel,1,latency_mp,29.154,29.13,0.1061098974875933,28.98,29.42
128,flannel,1,mbw_mr,7.517666666666667,7.48,0.19632280478375638,7.42,8.54
128,flannel,1,multi-latency,33.092,33.095,0.08988114757642669,32.91,33.26
128,flannel,2,bibw,28.313666666666666,31.115000000000002,5.136607953150388,17.28,31.53
128,flannel,2,bw,14.168666666666667,14.25,0.38152808305669966,12.87,14.59
128,flannel,2,latency,36.942,38.745000000000005,3.646964160258078,26.36,39.81
128,flannel,2,latency_mp,71.654,68.595,23.5684591394282,46.57,194.24
128,flannel,2,mbw_mr,12.544333333333332,12.545,0.5868894234881885,10.81,14.15
128,flannel,2,multi-latency,74.00233333333334,68.51,24.48812853599479,58.93,193.79
256,baremetal,1,bibw,1154.3586666666667,1155.355,15.36428162606566,1099.77,1178.97
256,baremetal,1,bw,979.374,983.71,19.440667222833817,930.63,1007.39
256,baremetal,1,latency,0.5823333333333333,0.59,0.0561821749455216,0.51,0.65
256,baremetal,1,latency_mp,0.643,0.67,0.05639454608015038,0.54,0.72
256,baremetal,1,mbw_mr,951.1396666666666,953.855,25.361643926285165,892.71,1002.12
256,baremetal,1,multi-latency,0.629,0.61,0.049154927490046456,0.55,0.73
256,baremetal,2,bibw,184.84133333333332,185.595,3.877169011047872,174.21,189.49
256,baremetal,2,bw,89.99833333333332,89.895,1.7632749376507155,86.45,92.41
256,baremetal,2,latency,20.935333333333332,21.265,0.7237056618940266,19.16,21.66
256,baremetal,2,latency_mp,33.763,34.19,2.615393621064225,21.8,36.3
256,baremetal,2,mbw_mr,84.875,83.11,3.929984425695211,80.31,94.68
256,baremetal,2,multi-latency,32.199666666666666,34.2,4.9630187444207055,21.41,36.23
256,calico,1,bibw,28.396333333333335,28.42,0.3035818736732946,27.59,28.8
256,calico,1,bw,10.957666666666666,9.765,1.8906479154591118,9.68,13.84
256,calico,1,latency,27.130666666666666,27.145,0.07904312805016023,26.95,27.26
256,calico,1,latency_mp,35.31966666666666,35.32,0.09492223072103495,35.16,35.49
256,calico,1,mbw_mr,11.08,11.100000000000001,1.3382154870031853,8.26,13.56
256,calico,1,multi-latency,38.88699999999999,39.480000000000004,1.6076608623325581,34.73,39.91
256,calico,2,bibw,47.336666666666666,47.62,1.5849993654590973,39.02,48.05
256,calico,2,bw,22.218,21.985,0.4904775997556557,21.57,22.94
256,calico,2,latency,36.91833333333333,39.224999999999994,3.823432366012411,30.06,39.77
256,calico,2,latency_mp,67.50666666666667,67.50999999999999,0.4334014093299591,66.53,68.04
256,calico,2,mbw_mr,20.166999999999998,19.83,0.7377325466216247,19.25,22.23
256,calico,2,multi-latency,67.80733333333333,67.745,0.7714649447120313,65.67,68.87
256,cilium,1,bibw,47.57733333333333,47.730000000000004,0.6216548179204276,46.07,48.43
256,cilium,1,bw,19.509333333333334,19.4,0.6485949447065168,19.05,22.84
256,cilium,1,latency,17.137999999999998,17.09,0.13956582923357355,16.95,17.49
256,cilium,1,latency_mp,21.096999999999998,21.119999999999997,0.09882586566348875,20.84,21.25
256,cilium,1,mbw_mr,17.98166666666667,17.15,1.5691202967736815,16.91,21.64
256,cilium,1,multi-latency,23.998333333333335,24.04,0.13506277808111505,23.58,24.18
256,cilium,2,bibw,130.45833333333334,129.40499999999997,5.032305349085729,123.55,147.25
256,cilium,2,bw,61.39933333333333,60.89,3.136825688861089,57.84,71.99
256,cilium,2,latency,36.190333333333335,38.765,3.464988912091861,27.1,39.56
256,cilium,2,latency_mp,41.775333333333336,44.394999999999996,4.249673199064908,32.71,46.77
256,cilium,2,mbw_mr,58.833666666666666,56.739999999999995,4.991092398797415,51.95,69.82
256,cilium,2,multi-latency,43.05166666666666,41.894999999999996,4.868258970340305,33.04,58.64
256,flannel,1,bibw,34.18266666666667,34.26,0.5403251468956579,31.78,34.72
256,flannel,1,bw,13.383666666666667,12.565000000000001,1.7040205667638002,12.38,16.85
256,flannel,1,latency,23.051,23.05,0.102934528907356,22.75,23.21
256,flannel,1,latency_mp,29.212666666666667,29.165,0.15028555195505866,29.03,29.77
256,flannel,1,mbw_mr,11.873666666666667,11.09,1.5226507814659442,11.0,15.04
256,flannel,1,multi-latency,33.11933333333334,33.125,0.09191200189286404,32.93,33.3
256,flannel,2,bibw,55.964666666666666,61.72,9.97314868597895,37.07,62.54
256,flannel,2,bw,27.744000000000003,27.935,1.059110231637207,24.2,28.73
256,flannel,2,latency,37.061,38.865,3.577819939186624,26.47,39.87
256,flannel,2,latency_mp,71.73666666666666,68.64500000000001,23.8284921214417,46.54,195.61
256,flannel,2,mbw_mr,24.099,24.0,1.1934110775420175,20.91,26.97
256,flannel,2,multi-latency,73.98700000000001,68.46000000000001,24.759016072868317,58.86,195.07
512,baremetal,1,bibw,2177.5053333333335,2180.745,30.186466336506804,2102.07,2221.94
512,baremetal,1,bw,2029.032,2033.255,32.164042399056086,1938.62,2084.34
512,baremetal,1,latency,0.7390000000000001,0.74,0.05345639537881834,0.63,0.84
512,baremetal,1,latency_mp,0.7336666666666667,0.76,0.047740919579526836,0.64,0.79
512,baremetal,1,mbw_mr,1899.725,1904.5,45.11469595796156,1822.07,2029.53
512,baremetal,1,multi-latency,0.76,0.745,0.06346326659490947,0.65,0.89
512,baremetal,2,bibw,351.415,352.05499999999995,8.735036762451513,330.79,380.37
512,baremetal,2,bw,168.487,167.42000000000002,2.487003667343356,164.82,175.65
512,baremetal,2,latency,21.107666666666667,21.475,0.8518567280109199,18.35,21.91
512,baremetal,2,latency_mp,33.888666666666666,34.364999999999995,2.8248609771508906,21.93,36.19
512,baremetal,2,mbw_mr,162.623,162.19,4.860425800844745,154.1,171.2
512,baremetal,2,multi-latency,31.675333333333334,33.235,4.634277634691549,21.39,35.92
512,calico,1,bibw,55.97533333333333,56.36,1.1680775049076444,52.57,57.06
512,calico,1,bw,19.595000000000002,19.545,0.4342949101307978,19.36,21.85
512,calico,1,latency,27.177000000000003,27.19,0.07804287062360306,26.98,27.3
512,calico,1,latency_mp,25.418666666666663,25.39,0.10871453709009034,25.31,25.89
512,calico,1,mbw_mr,16.971,16.564999999999998,1.3733757805068347,16.0,23.17
512,calico,1,multi-latency,27.904,28.33,1.1311532107574531,24.98,28.51
512,calico,2,bibw,90.44633333333333,94.475,7.125300953514939,77.64,95.34
512,calico,2,bw,44.31033333333333,43.845,0.8098807206059389,43.04,45.51
512,calico,2,latency,36.909,39.525,4.029666153708622,30.29,40.07
512,calico,2,latency_mp,54.88433333333333,63.59,13.544085026143415,38.17,68.7
512,calico,2,mbw_mr,40.22533333333333,39.69,1.4764489863166301,38.58,43.28
512,calico,2,multi-latency,53.090333333333334,43.92,14.379937528839733,38.5,70.51
512,cilium,1,bibw,91.87966666666667,91.86,1.0482480732100112,89.18,94.48
512,cilium,1,bw,38.692,38.705,0.2480739600505708,38.04,39.09
512,cilium,1,latency,17.19633333333333,17.14,0.1497234999483439,17.0,17.58
512,cilium,1,latency_mp,16.649333333333335,16.634999999999998,0.10586045900906076,16.35,16.91
512,cilium,1,mbw_mr,35.135999999999996,34.075,2.1723967377546156,33.56,39.69
512,cilium,1,multi-latency,18.805,18.795,0.13384885969398239,18.49,19.11
512,cilium,2,bibw,237.22333333333333,233.68,12.073903557940028,224.24,282.74
512,cilium,2,bw,111.125,109.035,6.247597469262167,107.13,133.72
512,cilium,2,latency,36.38966666666667,38.575,3.445082936125285,27.29,39.9
512,cilium,2,latency_mp,39.45633333333333,40.44,3.390855332369324,33.86,50.43
512,cilium,2,mbw_mr,108.29533333333333,104.47,9.458764129133082,99.03,132.94
512,cilium,2,multi-latency,39.21066666666666,40.68,2.944106835267914,33.42,42.96
512,flannel,1,bibw,67.85666666666667,67.975,0.7936747068099644,64.72,69.24
512,flannel,1,bw,27.434666666666665,25.11,3.4392518566300616,24.8,32.78
512,flannel,1,latency,23.081333333333337,23.075,0.10224154406763135,22.82,23.26
512,flannel,1,latency_mp,21.665000000000003,21.655,0.10040435489937034,21.5,21.96
512,flannel,1,mbw_mr,22.176,21.985,0.7025304018455298,21.71,24.94
512,flannel,1,multi-latency,24.590666666666667,24.595,0.09328980922773476,24.41,24.77
512,flannel,2,bibw,108.655,122.285,20.285158792609423,67.14,124.49
512,flannel,2,bw,55.223,55.53,2.02494810491188,48.08,57.56
512,flannel,2,latency,37.348333333333336,39.16,3.6219884835146363,26.74,40.13
512,flannel,2,latency_mp,44.723333333333336,41.415,18.693358461622477,35.03,143.47
512,flannel,2,mbw_mr,49.419999999999995,49.905,2.2368173202427446,41.87,53.21
512,flannel,2,multi-latency,46.23799999999999,42.15,17.828635896529896,35.64,131.1
1024,baremetal,1,bibw,3690.208,3694.755,30.992888550273143,3575.41,3723.95
1024,baremetal,1,bw,3471.1336666666666,3479.31,43.81944730315545,3336.1,3530.15
1024,baremetal,1,latency,0.8306666666666668,0.835,0.0564424231091896,0.74,0.92
1024,baremetal,1,latency_mp,0.8476666666666667,0.87,0.053477893165973386,0.76,0.92
1024,baremetal,1,mbw_mr,3262.0913333333333,3262.145,65.94608867820767,3146.38,3453.19
1024,baremetal,1,multi-latency,0.855,0.83,0.06399083986170907,0.76,0.97
1024,baremetal,2,bibw,661.001,660.1199999999999,14.000712629646069,636.47,717.5
1024,baremetal,2,bw,322.2573333333333,323.675,6.879391980617799,302.15,336.17
1024,baremetal,2,latency,22.741,23.16,0.9672903853834025,19.62,23.57
1024,baremetal,2,latency_mp,33.621,34.400000000000006,2.7971874420937346,23.02,36.33
1024,baremetal,2,mbw_mr,307.28133333333335,304.20000000000005,9.942207391524882,291.92,326.91
1024,baremetal,2,multi-latency,32.011,33.535,4.193670394691307,22.08,35.8
1024,calico,1,bibw,102.61,102.195,1.5058918768715028,101.03,108.02
1024,calico,1,bw,38.947,38.95,0.17593396096458738,38.63,39.22
1024,calico,1,latency,27.296666666666667,27.299999999999997,0.0656707216205289,27.13,27.41
1024,calico,1,latency_mp,25.474333333333334,25.475,0.063554664677731,25.38,25.68
1024,calico,1,mbw_mr,33.510666666666665,33.085,1.4045736457860731,32.63,37.67
1024,calico,1,multi-latency,27.954333333333334,28.34,1.14850032150877,25.05,28.8
1024,calico,2,bibw,176.35,185.95,14.96511114974219,150.01,187.7
1024,calico,2,bw,89.53633333333333,89.805,1.2295344881178671,86.7,91.23
1024,calico,2,latency,38.162,41.135,4.2460605677295264,31.54,41.78
1024,calico,2,latency_mp,54.255,64.04,14.063790569132271,38.78,68.92
1024,calico,2,mbw_mr,81.269,79.955,3.44515386774144,77.37,88.96
1024,calico,2,multi-latency,52.26266666666667,41.019999999999996,14.268588827436188,38.72,70.56
1024,cilium,1,bibw,154.53066666666666,154.255,1.6169531444245218,151.46,158.22
1024,cilium,1,bw,77.30300000000001,77.345,0.4278587424001976,76.15,78.08
1024,cilium,1,latency,17.349666666666668,17.32,0.14411401935520443,17.17,17.76
1024,cilium,1,latency_mp,16.701333333333334,16.68,0.08593234441170579,16.46,16.86
1024,cilium,1,mbw_mr,69.39,67.89,3.615534490939396,67.3,79.19
1024,cilium,1,multi-latency,18.876666666666665,18.884999999999998,0.10632848689996864,18.62,19.08
1024,cilium,2,bibw,435.082,439.025,29.40152018120011,386.44,500.05
1024,cilium,2,bw,192.67700000000002,184.89499999999998,18.088338241663536,167.21,244.25
1024,cilium,2,latency,37.894666666666666,39.87,3.6715286052066327,28.49,41.83
1024,cilium,2,latency_mp,39.755,40.62,3.4104188740610355,34.48,50.64
1024,cilium,2,mbw_mr,194.23033333333333,185.255,21.504445488017744,166.54,257.72
1024,cilium,2,multi-latency,39.847,41.370000000000005,2.9216223055952573,34.72,43.18
1024,flannel,1,bibw,126.59966666666666,126.89500000000001,2.0448850963981484,121.2,130.88
1024,flannel,1,bw,50.059333333333335,50.02,0.23239285010862243,49.6,50.55
1024,flannel,1,latency,23.212333333333333,23.2,0.09974738207033315,22.94,23.38
1024,flannel,1,latency_mp,21.712333333333333,21.71,0.07200015964222437,21.57,21.91
1024,flannel,1,mbw_mr,44.105333333333334,43.894999999999996,1.1375222114794914,43.6,50.04
1024,flannel,1,multi-latency,24.62366666666667,24.625,0.07117163970887933,24.5,24.79
1024,flannel,2,bibw,198.50766666666667,214.35000000000002,35.55077541065526,129.91,243.99
1024,flannel,2,bw,111.67833333333333,112.885,3.931218187379277,99.15,116.1
1024,flannel,2,latency,39.49366666666666,41.135000000000005,3.589487028314323,27.89,42.06
1024,flannel,2,latency_mp,45.74166666666667,41.95,17.992146386943265,41.41,140.37
1024,flannel,2,mbw_mr,99.756,99.86500000000001,4.940941973572133,83.84,110.14
1024,flannel,2,multi-latency,47.580666666666666,42.89,18.581327841890527,42.02,138.21
2048,baremetal,1,bibw,6222.169666666667,6234.24,54.250236515189506,6017.79,6276.49
2048,baremetal,1,bw,5727.034333333333,5741.115,85.33281002511058,5530.56,5849.73
2048,baremetal,1,latency,0.9273333333333333,0.925,0.05970810222460906,0.85,1.02
2048,baremetal,1,latency_mp,0.9456666666666667,0.97,0.05028767815988964,0.87,1.01
2048,baremetal,1,mbw_mr,5465.8893333333335,5452.085,100.81453627170143,5270.48,5736.59
2048,baremetal,1,multi-latency,0.9566666666666667,0.935,0.057435621131077225,0.85,1.06
2048,baremetal,2,bibw,1164.6226666666666,1163.305,25.271249294792323,1134.82,1283.82
2048,baremetal,2,bw,599.9876666666667,600.04,9.82897675360911,580.07,636.43
2048,baremetal,2,latency,42.71933333333333,42.894999999999996,0.7888574598455844,38.62,43.03
2048,baremetal,2,latency_mp,42.802,42.955,0.7185013137991011,39.14,43.21
2048,baremetal,2,mbw_mr,575.401,566.47,17.126627050821515,558.28,609.63
2048,baremetal,2,multi-latency,42.223333333333336,42.885000000000005,1.4961014471719105,38.59,43.09
2048,calico,1,bibw,130.84633333333332,130.995,0.9136002420637102,128.1,132.16
2048,calico,1,bw,60.080333333333336,60.099999999999994,0.2666844103292202,59.48,60.52
2048,calico,1,latency,25.107666666666667,25.1,0.0840641517485032,24.93,25.26
2048,calico,1,latency_mp,25.463,25.45,0.07543665988875865,25.34,25.67
2048,calico,1,mbw_mr,52.49933333333333,51.894999999999996,2.2377065434754053,49.68,59.06
2048,calico,1,multi-latency,28.408,28.845,1.1817824060174593,25.38,29.02
2048,calico,2,bibw,259.727,260.07500000000005,15.323365334430097,245.32,326.35
2048,calico,2,bw,159.58599999999998,160.73000000000002,4.905356396767755,142.8,164.01
2048,calico,2,latency,67.13433333333333,67.55000000000001,1.2949016294240479,63.07,68.43
2048,calico,2,latency_mp,68.86433333333333,68.92500000000001,1.1142515141482252,66.06,71.35
2048,calico,2,mbw_mr,135.99366666666666,133.93,8.039582028650631,126.24,155.19
2048,calico,2,multi-latency,70.127,68.655,2.921966921382778,66.08,77.97
2048,cilium,1,bibw,235.66366666666667,235.75,1.4263154444674695,232.99,238.1
2048,cilium,1,bw,124.62333333333332,124.725,0.6632695053909881,122.91,125.83
2048,cilium,1,latency,17.465333333333334,17.465,0.1391782120615277,17.18,17.79
2048,cilium,1,latency_mp,16.36733333333333,16.369999999999997,0.05582814352273851,16.25,16.51
2048,cilium,1,mbw_mr,111.56099999999999,109.56,5.21721047806333,108.05,125.45
2048,cilium,1,multi-latency,18.595666666666666,18.585,0.07587118545013771,18.5,18.84
2048,cilium,2,bibw,756.4436666666667,759.39,85.93390770230633,608.9,918.8
2048,cilium,2,bw,303.1273333333333,283.91999999999996,50.67119871140385,263.93,463.3
2048,cilium,2,latency,70.53233333333334,77.39500000000001,10.867477162849593,50.18,80.43
2048,cilium,2,latency_mp,63.428666666666665,64.33500000000001,6.826323154970912,45.01,70.81
2048,cilium,2,mbw_mr,315.47833333333335,289.16499999999996,53.21680056752452,270.62,466.98
2048,cilium,2,multi-latency,64.17033333333333,64.705,6.259580509979845,50.03,71.97
2048,flannel,1,bibw,161.85266666666666,162.15499999999997,1.7726795095781296,152.84,162.9
2048,flannel,1,bw,78.654,78.61,0.33831835649995345,78.0,79.33
2048,flannel,1,latency,22.232333333333333,22.21,0.11589779484776518,22.05,22.63
2048,flannel,1,latency_mp,21.997666666666664,22.005,0.11239350003703394,21.72,22.21
2048,flannel,1,mbw_mr,69.67833333333333,69.42500000000001,1.7971895364387867,66.82,78.72
2048,flannel,1,multi-latency,24.946,24.925,0.15020904972966756,24.64,25.33
2048,flannel,2,bibw,348.921,381.975,80.74088996759089,187.39,456.17
2048,flannel,2,bw,205.013,202.39,12.982206164460324,182.49,222.96
2048,flannel,2,latency,74.73933333333333,79.44,8.325735727387631,56.05,79.78
2048,flannel,2,latency_mp,82.32233333333333,80.08500000000001,25.236237038929904,44.75,209.84
2048,flannel,2,mbw_mr,176.145,175.81,14.695638984828594,139.05,212.63
2048,flannel,2,multi-latency,80.30533333333332,74.94999999999999,26.676143899247013,58.54,219.74
4096,baremetal,1,bibw,3932.7366666666667,3936.825,56.11256963697497,3779.14,4026.42
4096,baremetal,1,bw,2574.777666666667,2576.415,21.3152645131222,2524.08,2611.84
4096,baremetal,1,latency,2.169,2.17,0.04830577890751874,2.07,2.25
4096,baremetal,1,latency_mp,2.1686666666666667,2.18,0.03980411807956503,2.1,2.24
4096,baremetal,1,mbw_mr,2698.2726666666663,2698.965,32.35465355148745,2627.44,2757.21
4096,baremetal,1,multi-latency,2.174,2.165,0.06906269016201001,1.99,2.28
4096,baremetal,2,bibw,1881.1866666666667,1882.44,34.885563888463835,1813.03,1955.83
4096,baremetal,2,bw,1021.7646666666667,1025.025,29.62999851424269,979.05,1128.95
4096,baremetal,2,latency,43.985,43.98,0.09294974541338928,43.75,44.18
4096,baremetal,2,latency_mp,43.14033333333334,43.2,0.8111697952843225,39.54,43.84
4096,baremetal,2,mbw_mr,989.2376666666667,980.285,23.441723145344678,957.15,1034.12
4096,baremetal,2,multi-latency,42.655,43.155,1.4999442518376107,38.99,43.98
4096,calico,1,bibw,370.52733333333333,394.44,45.24962990386531,278.93,399.21
4096,calico,1,bw,117.93633333333334,117.94,0.47562288258322905,116.91,118.77
4096,calico,1,latency,25.775,25.78,0.06730015115010853,25.67,25.88
4096,calico,1,latency_mp,27.502000000000002,27.494999999999997,0.13065880811461106,27.26,27.79
4096,calico,1,mbw_mr,103.96866666666666,102.72,4.333977016737534,101.31,116.75
4096,calico,1,multi-latency,30.386000000000003,30.83,1.2598073196956032,27.12,31.07
4096,calico,2,bibw,515.522,501.83500000000004,41.086591436404994,472.06,592.51
4096,calico,2,bw,302.1553333333333,302.65999999999997,5.051704207720282,285.14,311.33
4096,calico,2,latency,70.30033333333334,70.67,0.9410136989487415,68.1,71.3
4096,calico,2,latency_mp,70.891,70.85,0.7970910474538243,67.59,72.12
4096,calico,2,mbw_mr,268.3233333333333,270.15999999999997,14.699514731219306,245.37,302.92
4096,calico,2,multi-latency,74.62466666666666,71.105,4.7607756056987265,68.76,80.85
4096,cilium,1,bibw,520.0766666666666,479.82500000000005,74.69208296380054,438.04,633.29
4096,cilium,1,bw,239.90666666666667,239.945,1.4334846217938833,236.78,243.54
4096,cilium,1,latency,18.365666666666666,18.365000000000002,0.1665198203659623,18.09,18.99
4096,cilium,1,latency_mp,18.973333333333336,18.4,1.6694461880254308,18.21,23.89
4096,cilium,1,mbw_mr,219.53033333333332,216.26999999999998,9.660678381025278,213.27,244.65
4096,cilium,1,multi-latency,20.90666666666667,20.68,1.1374724955623845,20.45,26.9
4096,cilium,2,bibw,1169.1866666666667,1202.0700000000002,160.78466122443862,868.91,1457.91
4096,cilium,2,bw,495.43266666666665,463.14,90.01316516481633,438.71,792.61
4096,cilium,2,latency,72.06533333333333,73.37,11.601415708299639,51.28,83.32
4096,cilium,2,latency_mp,66.42733333333334,67.03999999999999,8.010162912516668,45.69,75.51
4096,cilium,2,mbw_mr,486.88533333333334,446.4,104.09292353083084,392.64,778.35
4096,cilium,2,multi-latency,66.28666666666666,67.61500000000001,7.319577589721554,49.69,75.66
4096,flannel,1,bibw,381.6886666666667,349.78,67.79460795023773,302.68,469.78
4096,flannel,1,bw,153.90466666666669,153.85,0.7164555155396118,152.67,156.05
4096,flannel,1,latency,22.808,22.76,0.17410658645862806,22.59,23.34
4096,flannel,1,latency_mp,24.216333333333335,24.01,1.2687367688002689,23.64,30.91
4096,flannel,1,mbw_mr,138.13566666666665,137.5,3.424695992884352,136.51,155.98
4096,flannel,1,multi-latency,27.232333333333333,26.95,1.511118980991452,26.66,35.2
4096,flannel,2,bibw,718.3833333333333,830.875,167.4676216226708,409.09,847.02
4096,flannel,2,bw,407.7853333333333,414.16999999999996,20.037769463128146,360.65,438.21
4096,flannel,2,latency,70.97800000000001,73.8,5.539108854008171,55.93,75.15
4096,flannel,2,latency_mp,81.96533333333333,78.98,25.353706895310857,48.55,211.51
4096,flannel,2,mbw_mr,363.936,371.385,30.176014978787382,271.15,414.57
4096,flannel,2,multi-latency,80.91966666666667,76.72,24.68155020606916,60.69,210.42
8192,baremetal,1,bibw,6929.206666666667,6984.425,179.09288369029557,6616.76,7187.78
8192,baremetal,1,bw,4548.3279999999995,4558.125,45.47908844202185,4406.45,4610.19
8192,baremetal,1,latency,2.442333333333333,2.44,0.03738737877886096,2.36,2.51
8192,baremetal,1,latency_mp,2.443,2.4450000000000003,0.028424127682002066,2.38,2.51
8192,baremetal,1,mbw_mr,4746.948666666666,4745.85,50.14736605544557,4653.7,4842.24
8192,baremetal,1,multi-latency,2.4676666666666667,2.46,0.07093869783534731,2.29,2.59
8192,baremetal,2,bibw,2611.597333333333,2618.435,73.78333551378813,2399.19,2715.98
8192,baremetal,2,bw,1463.7779999999998,1461.7849999999999,59.462779224515316,1386.72,1757.27
8192,baremetal,2,latency,45.653,45.64,0.0772880862478957,45.51,45.82
8192,baremetal,2,latency_mp,45.03033333333334,45.349999999999994,0.9578981420666358,40.76,45.94
8192,baremetal,2,mbw_mr,1428.1160000000002,1427.885,27.152342453085964,1376.0,1484.57
8192,baremetal,2,multi-latency,44.34733333333334,44.629999999999995,1.761967813188607,40.31,46.1
8192,calico,1,bibw,709.6456666666667,710.345,5.737205665702993,695.65,717.09
8192,calico,1,bw,234.54799999999997,234.68,1.2182701133022646,231.98,236.5
8192,calico,1,latency,26.493333333333332,26.51,0.07438637868140487,26.34,26.59
8192,calico,1,latency_mp,31.733666666666668,28.225,4.498733525486182,27.91,37.63
8192,calico,1,mbw_mr,210.49133333333333,204.325,21.24020354038024,201.07,313.53
8192,calico,1,multi-latency,36.086,36.485,4.752194121194677,31.24,42.0
8192,calico,2,bibw,970.9656666666667,971.175,7.433039793698991,956.95,997.72
8192,calico,2,bw,537.7786666666666,537.925,5.166740941253304,527.04,548.31
8192,calico,2,latency,75.37233333333333,75.875,1.1217833195817943,72.52,76.58
8192,calico,2,latency_mp,80.83933333333333,82.02000000000001,3.2214549436586872,72.66,84.18
8192,calico,2,mbw_mr,490.59133333333335,482.55499999999995,22.955199355946878,451.38,541.41
8192,calico,2,multi-latency,84.11766666666666,84.685,2.935196267106645,77.17,87.62
8192,cilium,1,bibw,1064.1976666666667,1065.0900000000001,11.140012593112807,1038.99,1082.89
8192,cilium,1,bw,476.37966666666665,476.625,2.640939596814552,470.53,481.93
8192,cilium,1,latency,19.054,19.045,0.1513753043221402,18.81,19.62
8192,cilium,1,latency_mp,24.146,24.715,1.8084277797254604,18.69,25.04
8192,cilium,1,mbw_mr,437.24300000000005,427.15999999999997,24.255745732392633,421.59,511.6
8192,cilium,1,multi-latency,23.588666666666665,21.244999999999997,3.238631824081587,20.97,27.85
8192,cilium,2,bibw,1544.6153333333334,1557.0349999999999,216.50152928875076,1224.95,1976.74
8192,cilium,2,bw,733.312,701.435,107.31809014198929,649.88,1092.35
8192,cilium,2,latency,75.83666666666666,74.25,12.51818052586561,53.67,89.78
8192,cilium,2,latency_mp,71.04933333333334,72.265,7.3249234117842965,56.18,80.78
8192,cilium,2,mbw_mr,687.806,636.685,142.4172004237961,572.99,1083.06
8192,cilium,2,multi-latency,71.503,73.485,6.443697883497729,57.41,80.75
8192,flannel,1,bibw,807.9816666666667,806.2049999999999,10.743995623324825,787.59,829.21
8192,flannel,1,bw,305.608,305.34000000000003,1.2952603253187405,303.11,308.9
8192,flannel,1,latency,23.524,23.520000000000003,0.20516771944789014,23.17,24.08
8192,flannel,1,latency_mp,24.602666666666668,24.6,0.10757301716968157,24.36,24.84
8192,flannel,1,mbw_mr,277.91766666666666,272.375,23.944741368313046,271.29,399.6
8192,flannel,1,multi-latency,27.904,27.59,1.5147882519599438,27.33,35.86
8192,flannel,2,bibw,1268.4396666666667,1424.955,272.3574324363727,648.9,1443.52
8192,flannel,2,bw,768.7900000000001,780.665,42.8966502188691,679.67,824.61
8192,flannel,2,latency,75.59233333333333,77.89500000000001,5.547051831647917,59.66,80.7
8192,flannel,2,latency_mp,85.26633333333332,82.005,28.78579887942033,51.02,233.59
8192,flannel,2,mbw_mr,665.9453333333333,674.55,43.232128995357876,595.58,739.27
8192,flannel,2,multi-latency,85.70533333333333,81.275,26.36492154010878,71.17,224.9
16384,baremetal,1,bibw,10316.311,10345.695,245.4206205027014,9784.97,10643.07
16384,baremetal,1,bw,6364.413333333333,6372.924999999999,80.27155369951014,6182.72,6495.64
16384,baremetal,1,latency,3.147666666666667,3.145,0.04454237295548767,3.07,3.29
16384,baremetal,1,latency_mp,3.138,3.13,0.02869578846907795,3.08,3.2
16384,baremetal,1,mbw_mr,6675.511333333333,6659.21,85.30898415449144,6499.83,6838.26
16384,baremetal,1,multi-latency,3.197666666666667,3.19,0.08160811882080884,2.95,3.32
16384,baremetal,2,bibw,2600.114333333333,2574.6099999999997,132.46971140300494,2439.79,3007.28
16384,baremetal,2,bw,2119.323,2200.24,176.0154911315361,1737.13,2280.36
16384,baremetal,2,latency,48.635,48.64,0.36769318169102555,46.87,49.07
16384,baremetal,2,latency_mp,49.464000000000006,49.26,0.8546368456432464,48.37,51.7
16384,baremetal,2,mbw_mr,1871.6753333333334,1738.74,223.15170872862643,1677.9,2263.15
16384,baremetal,2,multi-latency,50.616,50.480000000000004,1.1492174248832006,48.98,54.2
16384,calico,1,bibw,1140.4769999999999,1149.63,33.26817762387643,1038.66,1166.91
16384,calico,1,bw,477.059,465.83,61.80044371841599,462.0,804.1
16384,calico,1,latency,28.991333333333333,28.634999999999998,2.0236272202253005,28.43,39.69
16384,calico,1,latency_mp,39.065666666666665,39.04,0.12124877058270012,38.89,39.39
16384,calico,1,mbw_mr,409.89933333333335,404.59000000000003,17.17289522982984,394.14,460.87
16384,calico,1,multi-latency,42.773,43.445,1.775589557263183,38.27,43.83
16384,calico,2,bibw,1370.9636666666668,1362.97,46.357962414189466,1264.18,1438.45
16384,calico,2,bw,838.2516666666667,854.505,44.8338372893951,746.24,888.21
16384,calico,2,latency,84.33,86.05,4.092864269803541,67.02,87.72
16384,calico,2,latency_mp,90.59466666666667,90.19,4.921643777363857,70.36,96.68
16384,calico,2,mbw_mr,802.0786666666667,791.105,28.08687136347702,774.52,869.17
16384,calico,2,multi-latency,90.05266666666667,91.29,3.919641902480142,83.4,96.01
16384,cilium,1,bibw,1611.035,1615.705,29.16819048564544,1467.72,1636.76
16384,cilium,1,bw,941.2976666666667,931.9649999999999,48.30744896392581,925.94,1196.24
16384,cilium,1,latency,22.921666666666667,21.18,2.603231524051614,20.51,26.36
16384,cilium,1,latency_mp,26.85,26.835,0.14619307026361808,26.58,27.16
16384,cilium,1,mbw_mr,842.9343333333333,829.7049999999999,36.68023113935871,822.2,943.88
16384,cilium,1,multi-latency,30.426,30.439999999999998,0.2527858573084585,29.75,31.0
16384,cilium,2,bibw,1635.9616666666666,1617.0,307.3122762012982,1163.97,2183.67
16384,cilium,2,bw,924.008,876.15,128.86056180602938,786.97,1358.08
16384,cilium,2,latency,78.01933333333334,78.47,9.060653829392884,58.43,87.55
16384,cilium,2,latency_mp,83.741,82.74,10.970438444071979,66.15,100.08
16384,cilium,2,mbw_mr,858.0646666666667,807.025,138.522710194178,702.99,1186.54
16384,cilium,2,multi-latency,82.88433333333333,84.45,10.08429871506753,64.77,102.51
16384,flannel,1,bibw,1264.7393333333334,1290.655,64.19109525382048,1010.07,1310.51
16384,flannel,1,bw,617.8213333333333,604.19,99.60892179724264,343.97,942.04
16384,flannel,1,latency,29.083666666666666,25.85,4.319550170811877,25.04,34.19
16384,flannel,1,latency_mp,33.775666666666666,33.76,0.11220926673064847,33.55,34.04
16384,flannel,1,mbw_mr,543.1663333333333,539.605,15.039443424068175,535.78,612.7
16384,flannel,1,multi-latency,38.00366666666666,38.025,0.12346948061637858,37.71,38.2
16384,flannel,2,bibw,1771.7403333333334,1982.6399999999999,501.33069524659743,761.71,2207.19
16384,flannel,2,bw,1119.2483333333332,1142.54,78.79874640536782,956.16,1270.89
16384,flannel,2,latency,83.28366666666668,84.97,5.133919308994288,66.73,86.53
16384,flannel,2,latency_mp,95.92066666666666,91.91999999999999,33.08749955990082,56.73,267.24
16384,flannel,2,mbw_mr,889.8996666666667,916.555,152.2328521906226,696.23,1101.79
16384,flannel,2,multi-latency,97.176,91.85,34.32259310194059,80.3,278.18
32768,baremetal,1,bibw,15104.939,15207.42,259.90435538336254,14482.51,15478.8
32768,baremetal,1,bw,8846.835666666668,8857.8,108.0868517214627,8621.01,9045.9
32768,baremetal,1,latency,4.231333333333334,4.225,0.058529882337458816,4.11,4.34
32768,baremetal,1,latency_mp,4.23,4.22,0.04410019938965013,4.17,4.34
32768,baremetal,1,mbw_mr,9390.652999999998,9389.369999999999,75.96897157664954,9182.8,9548.04
32768,baremetal,1,multi-latency,4.308333333333334,4.3149999999999995,0.08925296607969399,4.07,4.46
32768,baremetal,2,bibw,2811.779666666667,2873.855,152.21895462839345,2501.76,3061.19
32768,baremetal,2,bw,2297.953666666667,2297.79,249.06811232220625,1928.05,2595.28
32768,baremetal,2,latency,70.69800000000001,70.745,1.0478003231729696,65.81,72.74
32768,baremetal,2,latency_mp,72.47266666666665,72.065,0.9632020353589063,70.99,75.22
32768,baremetal,2,mbw_mr,2101.828666666667,1926.995,293.88144627915267,1847.11,2585.93
32768,baremetal,2,multi-latency,73.10266666666666,72.84,0.9819190686972453,71.84,75.62
32768,calico,1,bibw,1720.738,1752.44,111.90548799830117,1190.58,1785.16
32768,calico,1,bw,1056.963,887.7650000000001,246.51748523212797,875.86,1413.05
32768,calico,1,latency,52.04266666666667,55.14,9.423415053173017,38.31,61.24
32768,calico,1,latency_mp,48.504333333333335,46.959999999999994,4.090273309587812,46.52,59.01
32768,calico,1,mbw_mr,1018.9453333333333,985.25,269.4535545511134,750.12,1436.85
32768,calico,1,multi-latency,53.035666666666664,52.21,4.077761965058549,46.04,65.74
32768,calico,2,bibw,1747.9346666666668,1742.29,128.91792951286902,1516.73,1916.88
32768,calico,2,bw,1148.4763333333333,1202.155,119.50153002867957,906.7,1280.34
32768,calico,2,latency,113.52233333333334,113.715,3.8134640631477748,100.14,119.26
32768,calico,2,latency_mp,114.85533333333333,117.88499999999999,6.462692261307809,106.18,124.13
32768,calico,2,mbw_mr,1152.0113333333331,1154.435,38.43064561386984,1081.56,1251.82
32768,calico,2,multi-latency,118.07933333333334,116.5,6.72104103868427,105.38,128.29
32768,cilium,1,bibw,2216.6063333333336,2252.225,119.04776933081811,1695.89,2297.69
32768,cilium,1,bw,1951.4360000000001,2093.68,199.05971998719198,1679.98,2128.57
32768,cilium,1,latency,42.92133333333334,42.06,2.319648804175462,41.44,49.41
32768,cilium,1,latency_mp,39.812,39.705,0.7852273995254606,38.66,41.27
32768,cilium,1,mbw_mr,1807.7853333333333,1850.825,174.13013610977617,1487.49,2125.92
32768,cilium,1,multi-latency,44.04866666666667,44.025,0.564218918954113,43.18,45.63
32768,cilium,2,bibw,1635.218,1510.585,370.6277948097218,1236.55,2280.26
32768,cilium,2,bw,944.313,892.635,167.9308246159915,780.75,1489.69
32768,cilium,2,latency,104.71066666666667,108.63,7.987074874913297,81.2,123.58
32768,cilium,2,latency_mp,110.404,112.51,13.005220596307497,83.14,137.36
32768,cilium,2,mbw_mr,974.935,941.55,100.22382027242831,837.44,1244.75
32768,cilium,2,multi-latency,110.84400000000001,110.53999999999999,12.942773139931186,86.65,127.77
32768,flannel,1,bibw,1899.7346666666667,1913.275,82.23452407526331,1640.81,1982.46
32768,flannel,1,bw,1357.452,1152.9650000000001,235.59139285840965,1120.2,1618.43
32768,flannel,1,latency,48.08233333333333,47.56,10.288208745714789,36.22,64.42
32768,flannel,1,latency_mp,43.586,42.35,3.170921328094647,41.88,51.63
32768,flannel,1,mbw_mr,1189.21,1014.395,216.79573319379344,998.15,1618.32
32768,flannel,1,multi-latency,49.04933333333334,47.775000000000006,3.455900434921694,47.26,57.91
32768,flannel,2,bibw,1755.6986666666667,1805.18,538.1474835583921,820.48,2616.74
32768,flannel,2,bw,1273.8586666666667,1298.0349999999999,157.20898576435593,889.98,1482.25
32768,flannel,2,latency,118.80866666666667,121.99000000000001,8.404758805266969,94.21,124.35
32768,flannel,2,latency_mp,131.80066666666667,127.145,44.09013189563752,77.82,358.43
32768,flannel,2,mbw_mr,805.497,672.905,288.7202803591906,559.35,1428.2
32768,flannel,2,multi-latency,131.171,124.285,43.06568922728034,99.74,357.68
65536,baremetal,1,bibw,19667.856000000003,19757.870000000003,288.9055138300051,18910.22,20002.57
65536,baremetal,1,bw,10918.089333333333,10916.36,111.77109927894138,10720.89,11193.34
65536,baremetal,1,latency,6.491666666666666,6.475,0.06898692196568028,6.37,6.64
65536,baremetal,1,latency_mp,6.523,6.51,0.05995112952259104,6.43,6.69
65536,baremetal,1,mbw_mr,11797.398333333334,11798.945,122.21041639908087,11518.61,12104.74
65536,baremetal,1,multi-latency,6.8726666666666665,6.915,0.11301307014230035,6.59,6.99
65536,baremetal,2,bibw,1774.2303333333334,1680.37,240.9436561620012,1511.15,2504.12
65536,baremetal,2,bw,1659.5726666666667,1679.8449999999998,234.66718544286968,1340.82,2481.6
65536,baremetal,2,latency,106.508,103.63,21.076184369714717,76.48,169.35
65536,baremetal,2,latency_mp,107.55966666666667,102.83,15.559844091793451,81.43,159.78
65536,baremetal,2,mbw_mr,1779.0306666666665,1718.6599999999999,291.19228370476344,1480.31,3052.01
65536,baremetal,2,multi-latency,114.16133333333333,106.815,20.983307279068665,82.88,165.23
65536,calico,1,bibw,1189.1103333333333,1190.6799999999998,12.089921560263873,1162.75,1207.09
65536,calico,1,bw,722.6896666666667,723.04,2.6984650596516677,716.9,730.25
65536,calico,1,latency,141.76166666666668,139.905,4.28119712820781,136.97,149.96
65536,calico,1,latency_mp,156.43866666666665,156.42000000000002,0.44920414937541625,155.65,157.37
65536,calico,1,mbw_mr,626.7693333333334,619.135,25.348868155829145,611.79,703.55
65536,calico,1,multi-latency,173.124,175.62,6.904439651162998,155.23,176.94
65536,calico,2,bibw,1343.5316666666665,1358.5949999999998,65.23326225188336,1187.85,1494.06
65536,calico,2,bw,977.8153333333333,969.21,26.145490774053037,928.55,1054.99
65536,calico,2,latency,273.1956666666666,272.595,6.325673840803824,247.12,281.82
65536,calico,2,latency_mp,293.762,294.19,2.374163228272802,288.27,299.65
65536,calico,2,mbw_mr,918.545,907.7550000000001,36.22855501225327,872.68,981.84
65536,calico,2,multi-latency,300.84166666666664,298.44,8.194910987433245,289.08,312.36
65536,cilium,1,bibw,1800.3583333333333,1799.8600000000001,7.508346658235131,1787.29,1815.3
65536,cilium,1,bw,1329.0023333333334,1328.995,5.674340115566443,1318.93,1343.29
65536,cilium,1,latency,83.342,83.265,0.7311181799842246,82.25,85.49
65536,cilium,1,latency_mp,90.40100000000001,90.71000000000001,3.8172163083623616,85.26,94.91
65536,cilium,1,mbw_mr,1193.745,1173.97,51.96138159812735,1167.99,1326.27
65536,cilium,1,multi-latency,105.11366666666666,105.845,2.5958381588855715,97.49,107.2
65536,cilium,2,bibw,1239.7203333333334,1224.415,112.81963470844565,1064.69,1458.64
65536,cilium,2,bw,1066.5246666666667,1009.0350000000001,124.2195365758802,974.46,1455.1
65536,cilium,2,latency,247.32366666666667,257.40999999999997,23.222614198877032,195.99,294.89
65536,cilium,2,latency_mp,270.76733333333334,264.435,33.340178922356024,192.76,311.4
65536,cilium,2,mbw_mr,1354.5746666666666,1355.385,29.998842705647135,1274.94,1416.44
65536,cilium,2,multi-latency,278.539,286.44500000000005,27.509843673956368,202.24,309.26
65536,flannel,1,bibw,1359.7366666666667,1355.065,13.863322817428378,1336.21,1383.55
65536,flannel,1,bw,905.858,905.19,2.7891110931002987,900.65,912.06
65536,flannel,1,latency,119.28966666666666,116.96000000000001,3.6923578891555464,115.91,125.9
65536,flannel,1,latency_mp,134.41366666666667,134.76,1.7335124465370515,126.69,136.19
65536,flannel,1,mbw_mr,805.2726666666666,802.84,19.862923341697737,794.93,909.08
65536,flannel,1,multi-latency,150.75900000000001,151.47500000000002,2.5974727106860227,141.34,154.23
65536,flannel,2,bibw,1101.2456666666667,1035.15,210.28429502877074,851.22,1576.59
65536,flannel,2,bw,1110.711,1109.98,110.644496079826,902.27,1322.85
65536,flannel,2,latency,275.5323333333333,280.53499999999997,17.252044493201446,223.33,288.05
65536,flannel,2,latency_mp,309.184,296.65999999999997,104.62082751042225,175.74,848.6
65536,flannel,2,mbw_mr,1056.8663333333334,1041.51,73.1396874897066,936.36,1286.05
65536,flannel,2,multi-latency,313.65233333333333,297.9,104.76129203174673,250.65,864.73
131072,baremetal,1,bibw,23358.815666666665,23469.21,375.40157853987444,22179.79,23990.15
131072,baremetal,1,bw,12429.896333333334,12405.635,122.80162094525302,12233.28,12770.95
131072,baremetal,1,latency,11.065333333333333,11.024999999999999,0.1395493568186747,10.87,11.34
131072,baremetal,1,latency_mp,11.095,11.045,0.1275971570324301,10.91,11.39
131072,baremetal,1,mbw_mr,13227.388333333334,13237.445,132.97729834989423,12936.15,13529.62
131072,baremetal,1,multi-latency,11.766333333333334,11.83,0.1749380842850788,11.25,11.91
131072,baremetal,2,bibw,2112.8636666666666,2122.95,150.0064106327444,1881.27,2596.33
131072,baremetal,2,bw,2168.322,2168.46,209.7255569646626,1675.42,2741.2
131072,baremetal,2,latency,139.22366666666667,139.66500000000002,5.891994851774173,129.24,152.7
131072,baremetal,2,latency_mp,145.641,145.465,3.42544268470615,139.01,158.19
131072,baremetal,2,mbw_mr,2644.2946666666667,2600.365,294.493481828614,2223.34,3615.66
131072,baremetal,2,multi-latency,148.29399999999998,145.55,4.4754669184266165,145.13,162.83
131072,calico,1,bibw,1690.5973333333334,1693.5149999999999,18.520499720176538,1650.61,1716.43
131072,calico,1,bw,1399.533,1401.1550000000002,9.680391182605948,1357.92,1410.86
131072,calico,1,latency,158.09566666666666,154.02499999999998,9.476518232773676,149.88,177.91
131072,calico,1,latency_mp,175.05066666666667,173.015,4.703569395413577,168.35,182.4
131072,calico,1,mbw_mr,1210.7730000000001,1195.385,47.06418750878493,1189.85,1355.94
131072,calico,1,multi-latency,198.315,198.505,7.08258512613619,176.07,205.18
131072,calico,2,bibw,1511.769,1510.365,76.98490108792275,1354.99,1684.55
131072,calico,2,bw,1236.896,1253.635,42.277681370540684,1153.91,1329.38
131072,calico,2,latency,348.394,348.4,2.6926664133889835,339.49,356.83
131072,calico,2,latency_mp,371.228,368.435,8.33316738225566,353.29,382.5
131072,calico,2,mbw_mr,1186.6313333333335,1182.44,43.60409580044876,1120.64,1270.09
131072,calico,2,multi-latency,377.70633333333336,383.25,13.305914806978688,319.65,384.46
131072,cilium,1,bibw,2470.976333333333,2465.465,39.49465467833484,2377.02,2541.64
131072,cilium,1,bw,2215.6476666666663,2215.34,12.654048741024775,2190.76,2248.21
131072,cilium,1,latency,99.887,99.905,1.029938565292059,97.05,101.54
131072,cilium,1,latency_mp,109.23266666666667,109.12,1.2601120183739916,106.74,111.98
131072,cilium,1,mbw_mr,2003.855,1970.1799999999998,88.3816451045086,1962.68,2230.07
131072,cilium,1,multi-latency,121.27966666666666,122.095,3.27807711017143,113.41,124.46
131072,cilium,2,bibw,1279.4493333333335,1265.52,107.67967566474358,1090.66,1496.51
131072,cilium,2,bw,1491.9006666666667,1494.5500000000002,35.27052730101939,1425.15,1561.5
131072,cilium,2,latency,359.41066666666666,352.41499999999996,37.3444852535227,266.11,398.28
131072,cilium,2,latency_mp,362.7353333333333,360.945,49.089827426683925,250.38,416.08
131072,cilium,2,mbw_mr,1566.3886666666665,1572.595,81.4991959652886,1376.35,1657.17
131072,cilium,2,multi-latency,359.51866666666666,365.35,46.751160541253135,263.05,414.71
131072,flannel,1,bibw,2002.4093333333333,2004.94,22.754810015699405,1949.4,2043.98
131072,flannel,1,bw,1655.498,1652.42,8.228516185843588,1641.77,1674.38
131072,flannel,1,latency,135.19433333333333,134.2,3.0588759298185013,133.42,144.56
131072,flannel,1,latency_mp,149.91933333333333,150.83499999999998,3.250900069883385,138.32,152.33
131072,flannel,1,mbw_mr,1476.2269999999999,1469.075,37.743421820095485,1458.2,1673.96
131072,flannel,1,multi-latency,169.17233333333334,169.805,3.4161388602695424,155.69,171.45
131072,flannel,2,bibw,1166.8126666666665,1152.37,92.36299277320428,1031.34,1414.04
131072,flannel,2,bw,1456.596,1478.2350000000001,65.62558907978625,1289.5,1545.46
131072,flannel,2,latency,384.3676666666667,396.4,30.895086394657223,291.69,400.2
131072,flannel,2,latency_mp,441.409,426.20000000000005,150.99041541515598,212.78,1208.54
131072,flannel,2,mbw_mr,1456.8183333333334,1510.35,98.52309048743555,1262.48,1533.03
131072,flannel,2,multi-latency,447.03766666666667,427.49,145.65799680175078,326.16,1210.73
262144,baremetal,1,bibw,26069.52566666667,26048.52,362.2793934452495,25176.19,26743.18
262144,baremetal,1,bw,13612.621666666668,13594.45,205.48989346879307,13099.54,14069.19
262144,baremetal,1,latency,20.241666666666667,20.259999999999998,0.3005980628718342,19.48,20.78
262144,baremetal,1,latency_mp,20.234333333333332,20.235,0.125084339363579,19.98,20.5
262144,baremetal,1,mbw_mr,14243.843333333332,14272.055,248.67596555292212,13690.93,14693.84
262144,baremetal,1,multi-latency,21.266666666666666,21.335,0.43498976074618523,20.25,22.04
262144,baremetal,2,bibw,2119.4746666666665,2069.615,149.69932793559167,1914.48,2458.34
262144,baremetal,2,bw,2778.629,2688.33,394.98162607942265,2111.64,3932.65
262144,baremetal,2,latency,182.70499999999998,183.29500000000002,14.184882615925522,162.59,225.93
262144,baremetal,2,latency_mp,189.557,191.17000000000002,16.595097354547114,168.8,238.51
262144,baremetal,2,mbw_mr,3242.1563333333334,3262.8599999999997,324.41379902284797,2225.69,3741.15
262144,baremetal,2,multi-latency,188.41833333333335,182.895,15.897552638222574,172.66,224.12
262144,calico,1,bibw,1929.617,1932.85,21.10816579202103,1884.9,1971.32
262144,calico,1,bw,1923.9416666666666,1929.365,23.416346056626256,1821.51,1953.12
262144,calico,1,latency,215.34966666666665,215.565,1.905093867419167,209.8,220.09
262144,calico,1,latency_mp,249.82866666666666,250.85500000000002,6.323363756372254,216.77,252.97
262144,calico,1,mbw_mr,1651.8153333333332,1639.705,53.44244869295241,1621.36,1856.81
262144,calico,1,multi-latency,281.066,284.09000000000003,10.060982196516445,250.92,285.68
262144,calico,2,bibw,1601.6716666666666,1594.065,35.048982481500225,1554.81,1705.58
262144,calico,2,bw,1388.0776666666668,1448.525,90.8322247117836,1244.32,1511.86
262144,calico,2,latency,459.44533333333334,460.235,9.23968828155094,431.94,474.31
262144,calico,2,latency_mp,466.2596666666667,464.605,15.88720597456208,418.3,497.6
262144,calico,2,mbw_mr,1362.5040000000001,1365.62,48.260805443641,1246.18,1463.66
262144,calico,2,multi-latency,467.152,466.28,15.155748289243133,433.76,502.28
262144,cilium,1,bibw,2817.3353333333334,2813.185,18.442879147908773,2783.96,2869.64
262144,cilium,1,bw,2990.749333333333,2991.6549999999997,22.27923278152394,2918.91,3023.81
262144,cilium,1,latency,139.76233333333332,139.72,0.8676630655976418,137.71,141.24
262144,cilium,1,latency_mp,159.765,162.345,5.855703232305034,145.76,164.94
262144,cilium,1,mbw_mr,2712.3726666666666,2672.93,118.01893626355731,2631.69,3018.73
262144,cilium,1,multi-latency,165.86633333333333,164.53,5.123182256838186,160.63,181.24
262144,cilium,2,bibw,1429.1616666666666,1415.845,58.458249474382924,1327.14,1595.75
262144,cilium,2,bw,1671.032,1699.2350000000001,77.11153755079893,1500.61,1753.2
262144,cilium,2,latency,536.6273333333334,540.035,81.10045235357212,327.24,617.84
262144,cilium,2,latency_mp,520.8216666666666,496.79499999999996,94.686526226547,335.99,631.32
262144,cilium,2,mbw_mr,1634.0533333333333,1617.51,93.0436850803607,1443.19,1758.48
262144,cilium,2,multi-latency,506.44,495.935,95.69121914099357,315.44,631.06
262144,flannel,1,bibw,2204.4906666666666,2203.4700000000003,21.7971888306621,2164.57,2251.02
262144,flannel,1,bw,2248.6423333333337,2252.81,11.225802385371011,2215.4,2263.25
262144,flannel,1,latency,178.27,178.22500000000002,0.7407219218554565,176.99,180.12
262144,flannel,1,latency_mp,189.72233333333332,184.235,10.96610504623485,182.59,211.81
262144,flannel,1,mbw_mr,2009.554,2002.52,47.1737964669312,1975.71,2255.15
262144,flannel,1,multi-latency,225.364,234.89,13.310339408610657,206.74,236.81
262144,flannel,2,bibw,1454.619,1449.06,96.65066799098415,1313.47,1760.45
262144,flannel,2,bw,1660.3643333333334,1680.435,69.49894267036623,1410.65,1704.47
262144,flannel,2,latency,578.277,601.13,56.048857452441766,389.3,604.38
262144,flannel,2,latency_mp,664.191,648.2950000000001,222.5682923532337,295.07,1772.17
262144,flannel,2,mbw_mr,1607.2703333333334,1664.375,108.63338235530557,1387.15,1679.85
262144,flannel,2,multi-latency,677.705,651.415,218.08425838857912,434.24,1810.98
524288,baremetal,1,bibw,25453.446666666667,25441.425,316.1579869069545,24675.45,25980.42
524288,baremetal,1,bw,13055.347333333333,13100.05,153.66439434428327,12680.77,13254.28
524288,baremetal,1,latency,41.17633333333333,41.23,0.24656933463350342,40.72,41.66
524288,baremetal,1,latency_mp,41.172333333333334,41.225,0.4042931962150092,40.41,41.99
524288,baremetal,1,mbw_mr,13265.571,13237.66,142.47322384489894,13047.44,13558.74
524288,baremetal,1,multi-latency,43.018,43.175,0.6977125186068329,40.92,44.11
524288,baremetal,2,bibw,2314.75,2292.06,206.5157163594294,2000.88,2795.41
524288,baremetal,2,bw,3626.057333333333,3718.7349999999997,649.0379133813655,2173.26,4841.92
524288,baremetal,2,latency,299.27566666666667,293.48,29.849604939721925,248.58,365.07
524288,baremetal,2,latency_mp,299.37833333333333,285.55499999999995,27.10020537946523,255.5,357.0
524288,baremetal,2,mbw_mr,3745.7110000000002,3735.88,549.1555193539409,2684.98,5157.47
524288,baremetal,2,multi-latency,303.3926666666667,289.96000000000004,26.98365852004574,257.98,366.75
524288,calico,1,bibw,2159.6273333333334,2160.42,6.105340756020666,2149.67,2171.88
524288,calico,1,bw,2154.2196666666664,2154.27,5.9614661951068895,2140.58,2163.97
524288,calico,1,latency,307.327,307.46500000000003,3.1582307901953466,300.58,314.34
524288,calico,1,latency_mp,316.7656666666666,311.305,18.461817761463013,308.32,385.18
524288,calico,1,mbw_mr,1896.1656666666668,1882.7,55.60495566375192,1871.24,2100.29
524288,calico,1,multi-latency,378.50600000000003,351.29499999999996,37.840939297228765,314.98,426.88
524288,calico,2,bibw,1641.9313333333334,1637.625,28.839521820768354,1591.55,1722.23
524288,calico,2,bw,1505.7283333333332,1538.995,64.4406902980714,1400.32,1611.6
524288,calico,2,latency,660.698,663.51,25.09417055537143,591.4,696.12
524288,calico,2,latency_mp,694.6716666666667,703.5,28.690763993064873,583.84,724.12
524288,calico,2,mbw_mr,1474.6013333333333,1498.835,63.68013086612209,1314.67,1555.76
524288,calico,2,multi-latency,695.4853333333334,709.44,37.7134138519415,608.95,730.09
524288,cilium,1,bibw,3043.233,3048.04,22.16474727408676,2987.49,3080.97
524288,cilium,1,bw,3104.1676666666667,3103.8199999999997,13.65355673841772,3062.73,3132.24
524288,cilium,1,latency,207.22266666666667,206.905,1.8302344551776817,205.19,215.46
524288,cilium,1,latency_mp,209.92999999999998,209.79,1.1277991995398637,207.45,212.14
524288,cilium,1,mbw_mr,2871.86,2833.505,97.8723214721344,2820.34,3121.29
524288,cilium,1,multi-latency,231.22666666666666,231.20499999999998,0.7768296903543918,229.66,233.27
524288,cilium,2,bibw,1683.9209999999998,1710.65,75.79517778082973,1514.05,1804.55
524288,cilium,2,bw,1711.638,1700.9499999999998,104.10394276544159,1495.04,1823.93
524288,cilium,2,latency,834.2826666666666,822.355,130.86602551473393,513.74,978.47
524288,cilium,2,latency_mp,801.3126666666667,771.415,163.7533026554723,500.81,989.52
524288,cilium,2,mbw_mr,1683.3659999999998,1648.06,109.03200873264635,1480.11,1827.76
524288,cilium,2,multi-latency,800.8556666666667,779.425,171.62947955694702,469.0,990.16
524288,flannel,1,bibw,2456.2313333333336,2454.365,14.600961879824602,2428.72,2493.29
524288,flannel,1,bw,2453.854,2453.125,9.338790293069644,2435.08,2477.53
524288,flannel,1,latency,266.8856666666667,267.435,1.79099410525479,263.1,270.9
524288,flannel,1,latency_mp,272.32466666666664,273.025,2.5438346472684934,266.98,276.53
524288,flannel,1,mbw_mr,2235.285666666667,2227.39,44.52793920933102,2210.91,2467.52
524288,flannel,1,multi-latency,303.51733333333334,304.11,2.5483029286354513,297.42,308.12
524288,flannel,2,bibw,1744.4336666666668,1800.1999999999998,106.28493822263107,1544.47,1886.53
524288,flannel,2,bw,1758.8866666666665,1779.4650000000001,74.14601244112556,1477.35,1801.41
524288,flannel,2,latency,926.6080000000001,955.675,90.98932564905054,591.55,962.48
524288,flannel,2,latency_mp,1057.6783333333333,1044.185,336.8767230071306,494.79,2709.56
524288,flannel,2,mbw_mr,1711.4216666666666,1770.955,116.13209322334973,1474.09,1789.15
524288,flannel,2,multi-latency,1049.6036666666666,999.115,362.46053049794347,650.54,2921.52
1048576,baremetal,1,bibw,22046.629333333334,22048.18,383.6902186879171,21371.64,23008.36
1048576,baremetal,1,bw,11320.655333333332,11312.015,208.607328031653,10895.34,11766.93
1048576,baremetal,1,latency,94.97366666666667,95.11500000000001,1.133458191229113,92.27,97.12
1048576,baremetal,1,latency_mp,95.05799999999999,95.035,1.303516199653314,91.72,97.79
1048576,baremetal,1,mbw_mr,11109.184000000001,11152.15,252.2441937625058,10689.21,11596.8
1048576,baremetal,1,multi-latency,98.25133333333333,98.185,1.6610086950577574,93.71,100.88
1048576,baremetal,2,bibw,2676.154,2670.155,232.38396286585996,2272.11,3138.59
1048576,baremetal,2,bw,4330.903333333334,4457.375,599.6999073061364,2806.1,5105.98
1048576,baremetal,2,latency,571.0976666666667,596.79,56.272012255945974,465.09,633.49
1048576,baremetal,2,latency_mp,579.5986666666666,601.0350000000001,55.18442769685922,449.72,683.71
1048576,baremetal,2,mbw_mr,4219.051,4237.37,422.3354141646023,2904.84,5000.93
1048576,baremetal,2,multi-latency,594.3503333333333,611.895,53.303195898449694,461.04,674.94
1048576,calico,1,bibw,2277.4809999999998,2278.085,4.971213929316501,2266.59,2287.37
1048576,calico,1,bw,2315.6676666666667,2315.9049999999997,5.490594266771056,2305.7,2326.69
1048576,calico,1,latency,510.865,510.435,2.843998823900035,508.8,525.31
1048576,calico,1,latency_mp,522.5319999999999,519.445,4.623640452552812,517.35,529.53
1048576,calico,1,mbw_mr,2059.189,2044.5149999999999,56.94917088494581,2036.3,2270.52
1048576,calico,1,multi-latency,576.6033333333332,569.9300000000001,33.16391187080787,516.13,722.06
1048576,calico,2,bibw,1645.8529999999998,1655.525,40.91903714696233,1544.49,1744.07
1048576,calico,2,bw,1569.2443333333333,1606.81,61.82204927957691,1448.85,1653.42
1048576,calico,2,latency,1246.7003333333334,1257.375,48.962367426657266,996.91,1263.04
1048576,calico,2,latency_mp,1290.6333333333334,1274.935,79.77905612002624,1023.97,1402.03
1048576,calico,2,mbw_mr,1557.0800000000002,1605.9650000000001,81.25948712781704,1339.34,1637.51
1048576,calico,2,multi-latency,1273.8223333333333,1284.475,100.61495651083966,1025.33,1447.32
1048576,cilium,1,bibw,3117.1213333333335,3120.9700000000003,18.391131808439674,3060.16,3137.81
1048576,cilium,1,bw,3176.491666666667,3176.635,7.890618647715737,3162.73,3192.81
1048576,cilium,1,latency,363.71933333333334,361.89,4.133597359012712,360.06,379.85
1048576,cilium,1,latency_mp,369.18766666666664,368.825,2.064853143869332,366.16,374.0
1048576,cilium,1,mbw_mr,2944.9066666666668,2909.3,92.43304448433844,2900.45,3181.51
1048576,cilium,1,multi-latency,402.9986666666666,402.47,2.0299783136829377,400.18,406.91
1048576,cilium,2,bibw,1712.0156666666667,1735.8400000000001,63.68396710932519,1607.08,1844.58
1048576,cilium,2,bw,1738.3523333333333,1750.35,112.41865855328264,1520.47,1858.7
1048576,cilium,2,latency,1469.4673333333335,1474.21,280.70756480271643,865.02,1768.85
1048576,cilium,2,latency_mp,1407.401,1343.62,318.08958945500746,825.86,1770.39
1048576,cilium,2,mbw_mr,1707.1466666666668,1661.685,111.13926257204285,1525.86,1865.12
1048576,cilium,2,multi-latency,1403.3686666666665,1344.315,333.73654581414075,769.04,1770.79
1048576,flannel,1,bibw,2589.726,2592.715,9.997401593448528,2566.11,2604.85
1048576,flannel,1,bw,2611.845333333333,2615.085,11.317896640622592,2565.3,2625.85
1048576,flannel,1,latency,447.1313333333334,446.15,3.2456599491855584,442.72,455.61
1048576,flannel,1,latency_mp,453.6763333333334,452.33,3.4082875499271648,450.43,464.83
1048576,flannel,1,mbw_mr,2381.9653333333335,2373.44,44.38370963449918,2367.76,2616.29
1048576,flannel,1,multi-latency,499.0383333333333,498.905,1.3680746181840913,497.49,505.74
1048576,flannel,2,bibw,1801.6280000000002,1841.215,71.84554239045949,1668.16,1862.12
1048576,flannel,2,bw,1807.8913333333333,1829.56,82.15874368366498,1509.68,1853.42
1048576,flannel,2,latency,1696.1013333333333,1736.13,125.20433987006543,1325.06,1752.25
1048576,flannel,2,latency_mp,1907.4089999999999,1901.88,500.9674154752295,834.91,4301.02
1048576,flannel,2,mbw_mr,1772.1786666666667,1827.655,113.23791078759902,1538.34,1847.35
1048576,flannel,2,multi-latency,1876.387,1808.4,473.23491580711317,1406.45,4334.7
2097152,baremetal,1,bibw,18757.852333333332,18751.95,79.52173160725354,18606.5,18918.06
2097152,baremetal,1,bw,9519.032666666666,9538.009999999998,43.872499196502424,9427.3,9575.33
2097152,baremetal,1,latency,226.01266666666666,226.01999999999998,1.1077561456209228,223.34,227.85
2097152,baremetal,1,latency_mp,224.36499999999998,224.32999999999998,1.2736202812022366,222.35,227.46
2097152,baremetal,1,mbw_mr,9506.022333333332,9489.24,39.90184549213421,9453.57,9570.91
2097152,baremetal,1,multi-latency,231.35133333333334,232.6,2.6842628646309548,225.72,234.55
2097152,baremetal,2,bibw,2732.295,2665.355,205.6593116305332,2438.02,3268.16
2097152,baremetal,2,bw,4152.027,4170.27,386.7753053500451,3212.19,4866.6
2097152,baremetal,2,latency,1050.9926666666665,1094.37,118.94883086881296,809.07,1157.86
2097152,baremetal,2,latency_mp,1083.1526666666666,1115.8850000000002,89.22755631774733,820.53,1199.08
2097152,baremetal,2,mbw_mr,3962.2316666666666,3946.0299999999997,260.5204406446415,3310.22,4528.2
2097152,baremetal,2,multi-latency,1092.5843333333332,1120.55,88.03571809149435,822.28,1214.39
2097152,calico,1,bibw,2400.213,2401.3999999999996,4.193029642896209,2392.24,2405.9
2097152,calico,1,bw,2467.1386666666667,2468.02,5.836568862949659,2443.92,2475.73
2097152,calico,1,latency,923.7493333333333,922.145,5.141997420386822,917.47,938.82
2097152,calico,1,latency_mp,932.4816666666667,932.755,4.612762717185562,921.71,942.81
2097152,calico,1,mbw_mr,2200.4596666666666,2185.335,59.83365230504421,2174.66,2421.77
2097152,calico,1,multi-latency,1017.818,1017.085,40.08482655569312,920.51,1182.92
2097152,calico,2,bibw,1644.2040000000002,1662.885,57.59607688986677,1538.88,1775.19
2097152,calico,2,bw,1608.9583333333333,1653.3049999999998,67.55550979766926,1477.47,1686.61
2097152,calico,2,latency,2257.9416666666666,2287.4750000000004,119.3328092030807,1641.59,2302.51
2097152,calico,2,latency_mp,2332.1693333333333,2297.685,170.2449982643337,1817.24,2570.41
2097152,calico,2,mbw_mr,1606.2526666666668,1653.185,85.93948026667228,1339.6,1681.66
2097152,calico,2,multi-latency,2266.6313333333333,2302.605,209.65706458212998,1682.58,2668.29
2097152,cilium,1,bibw,3162.198,3174.84,45.53811767496886,3017.24,3216.02
2097152,cilium,1,bw,3357.774,3357.4049999999997,8.092001414764601,3343.46,3372.94
2097152,cilium,1,latency,666.077,663.865,8.29970882330966,659.18,698.1
2097152,cilium,1,latency_mp,672.439,672.6800000000001,3.3953673814732097,663.58,679.65
2097152,cilium,1,mbw_mr,3118.9466666666663,3083.27,96.16620814249532,3071.83,3366.02
2097152,cilium,1,multi-latency,732.8213333333333,732.635,3.273313973302276,726.75,739.1
2097152,cilium,2,bibw,1715.7553333333335,1738.37,64.14989153823889,1585.72,1853.34
2097152,cilium,2,bw,1749.9146666666668,1783.875,122.10413994318282,1500.57,1875.26
2097152,cilium,2,latency,2686.4506666666666,2668.855,599.404516711972,1475.31,3339.06
2097152,cilium,2,latency_mp,2577.543,2365.5,646.7756183383049,1500.17,3346.58
2097152,cilium,2,mbw_mr,1718.0143333333333,1669.875,121.12526365035419,1507.01,1884.41
2097152,cilium,2,multi-latency,2544.5539999999996,2368.34,653.8993357759861,1391.93,3344.67
2097152,flannel,1,bibw,2695.3506666666667,2701.335,14.431246256153647,2668.56,2715.48
2097152,flannel,1,bw,2778.8056666666666,2779.65,5.518898992729795,2767.46,2788.86
2097152,flannel,1,latency,800.685,800.1600000000001,3.416910027778159,795.68,811.75
2097152,flannel,1,latency_mp,813.8083333333333,812.3,3.763268098555991,809.07,821.79
2097152,flannel,1,mbw_mr,2535.8463333333334,2528.5150000000003,46.5012523734454,2511.75,2780.53
2097152,flannel,1,multi-latency,893.3646666666666,892.11,4.110029560539172,887.36,902.6
2097152,flannel,2,bibw,1811.9226666666666,1858.885,70.5210067472358,1697.58,1880.39
2097152,flannel,2,bw,1838.2303333333334,1857.205,74.75379858798705,1563.81,1882.42
2097152,flannel,2,latency,3210.4526666666666,3290.9049999999997,250.55456276762985,2466.33,3308.94
2097152,flannel,2,latency_mp,3349.241,3303.16,597.3020075960534,1571.4,5836.73
2097152,flannel,2,mbw_mr,1799.6013333333333,1855.43,116.35527754233588,1558.86,1876.65
2097152,flannel,2,multi-latency,3379.7283333333335,3302.31,503.13381022028494,2526.89,5915.55
4194304,baremetal,1,bibw,15804.144333333334,15802.43,226.06375148560872,15260.88,16281.82
4194304,baremetal,1,bw,9462.010333333334,9484.404999999999,72.99311906556352,9279.51,9548.29
4194304,baremetal,1,latency,517.981,518.515,6.194130341674699,506.13,532.54
4194304,baremetal,1,latency_mp,517.7463333333333,518.435,7.9984483337161105,499.14,532.9
4194304,baremetal,1,mbw_mr,9480.472666666667,9467.494999999999,53.38891302529942,9392.28,9580.4
4194304,baremetal,1,multi-latency,529.0153333333334,528.89,7.999643842646702,511.93,543.02
4194304,baremetal,2,bibw,3006.6556666666665,2988.02,167.0429577143377,2752.79,3455.91
4194304,baremetal,2,bw,4082.6343333333334,4044.085,437.9110295929932,2925.67,4999.26
4194304,baremetal,2,latency,1954.9736666666665,2018.6100000000001,147.1219708265392,1679.66,2138.6
4194304,baremetal,2,latency_mp,1998.0030000000002,2030.26,129.56868510429197,1642.01,2127.63
4194304,baremetal,2,mbw_mr,3981.9706666666666,3971.0550000000003,203.10970901483753,3272.84,4407.45
4194304,baremetal,2,multi-latency,1999.299,2041.96,127.11824924875641,1653.95,2138.52
4194304,calico,1,bibw,2399.228666666667,2399.94,9.298702813994447,2374.96,2423.1
4194304,calico,1,bw,2513.95,2513.86,6.62698558403708,2502.78,2529.27
4194304,calico,1,latency,1953.9853333333333,1954.1,4.7309062581062005,1945.48,1964.8
4194304,calico,1,latency_mp,1969.4786666666666,1969.865,3.4363791422361265,1961.44,1975.98
4194304,calico,1,mbw_mr,2227.274,2213.175,57.68283773927192,2200.04,2439.31
4194304,calico,1,multi-latency,2136.4970000000003,2137.415,74.81293656110913,1963.73,2457.35
4194304,calico,2,bibw,1621.0676666666666,1604.345,44.06783224978744,1564.84,1703.73
4194304,calico,2,bw,1621.721,1670.5749999999998,72.57763507278682,1480.7,1700.4
4194304,calico,2,latency,3576.0429999999997,3609.7650000000003,167.28650653893158,2700.72,3638.37
4194304,calico,2,latency_mp,3586.947,3612.88,224.43389404040093,2713.68,3982.7
4194304,calico,2,mbw_mr,1606.1063333333334,1666.6399999999999,94.10542897173376,1331.72,1704.04
4194304,calico,2,multi-latency,3486.589,3578.09,319.159958666821,2730.79,4107.99
4194304,cilium,1,bibw,3041.178,3060.69,98.25800142552251,2847.43,3191.59
4194304,cilium,1,bw,3390.2699999999995,3392.435,12.545185365791577,3362.99,3414.37
4194304,cilium,1,latency,1482.2003333333334,1477.65,18.17195992377448,1468.27,1558.83
4194304,cilium,1,latency_mp,1509.1053333333334,1509.2649999999999,4.104259968015899,1498.72,1516.41
4194304,cilium,1,mbw_mr,3155.8676666666665,3130.39,86.98093908054416,3099.2,3414.01
4194304,cilium,1,multi-latency,1611.482,1611.705,3.8327287479251955,1605.66,1619.3
4194304,cilium,2,bibw,1711.7263333333333,1735.135,79.42198876813057,1561.14,1865.4
4194304,cilium,2,bw,1746.145,1759.27,136.13454867557857,1460.26,1884.97
4194304,cilium,2,latency,4774.436,4605.37,1104.8710937592798,2991.44,6193.59
4194304,cilium,2,latency_mp,4588.270666666666,4281.895,1220.2030251304375,2967.99,6215.0
4194304,cilium,2,mbw_mr,1715.138,1684.36,128.491126472099,1461.68,1891.76
4194304,cilium,2,multi-latency,4495.126,4263.485000000001,1340.3806033557833,2681.15,6527.38
4194304,flannel,1,bibw,2688.0303333333336,2706.98,35.457580725700076,2574.44,2723.8
4194304,flannel,1,bw,2819.6393333333335,2820.52,8.908226315712696,2801.48,2835.76
4194304,flannel,1,latency,1731.3980000000001,1730.4,3.970059844941098,1722.24,1742.77
4194304,flannel,1,latency_mp,1751.7386666666669,1751.685,4.266156902018965,1744.32,1763.27
4194304,flannel,1,mbw_mr,2586.3213333333333,2578.76,47.40873008018765,2565.26,2833.86
4194304,flannel,1,multi-latency,1895.8933333333334,1896.2649999999999,5.86440068568808,1880.7,1905.79
4194304,flannel,2,bibw,1783.4163333333333,1762.15,86.40732366323861,1645.86,1888.73
4194304,flannel,2,bw,1847.6870000000001,1872.225,90.93386134419632,1515.87,1894.49
4194304,flannel,2,latency,6299.821666666667,6449.385,468.2246785176839,4908.56,6484.2
4194304,flannel,2,latency_mp,6485.111999999999,6453.32,1163.832640013752,3328.86,11660.36
4194304,flannel,2,mbw_mr,1797.953,1867.04,146.0241583024228,1500.11,1889.43
4194304,flannel,2,multi-latency,6589.067666666667,6466.45,990.3630509920238,5067.6,11655.98
